0x02b2101903eb6a51518e63e84b785180859fda9d,live,thewhalegame,v0.3.1-2016-04-07-054bc2a,FG2_CA
0x03eb85d73c00b4fa5b740937f422c6e8d5516d43,live,,,FG2_CA
0x05215fce25902366480696f38c3093e31dbce69a,live,REV1,v0.4.24-nightly.2018.5.11+commit.43803b1a,FG2_CA
0x058c1548b7f2214be1f730ce94bc760fc4930c14,live,GalaxyQuest,v0.4.24+commit.e67f0147,FG2_CA
0x06c2452bcb4c1c1a046c520ffbad41fb8f48442b,live,AlexTrebek,v0.4.24+commit.e67f0147,FG2_CA
0x08225eddcce6abadf3e789723f6760aac5aa5917,live,,,FG2_CA
0x09fdbd24b40de647823ca7ebac81350609aab008,live,,,FG2_CA
0x0b99242dea449946c8b19e2410460e7d5efdebd6,live,BONE,v0.6.6+commit.6c089d02,FG2_CA
0x0d61178ce25bf05c5b19dc56f30e0f10cbbe9f2b,live,Lottery,v0.4.24+commit.e67f0147,FG2_CA
0x0e09dc376caccbe83307115e454695c2bfda1a82,live,SolveReturning,v0.5.8+commit.23d335f2,FG2_CA
0x0f00e4d8ac4ff097824bbfe8efda6bc4a92355d0,live,,,FG2_CA
0x0fe37867f137d2ba5cc012d0252988c97f7afa45,live,,,FG2_CA
0x128c7e35cc49dc6ac782877cee0d7076cbf10837,live,,,FG2_CA
0x1293b7793a2023cabf4d3804e8f7b426f48547c5,live,Wallet,v0.4.4+commit.4633f3de,FG2_CA
0x1492cdd605d91658f228eab14d8444b60e6da8df,live,thewhalegame,v0.3.1-2016-04-07-054bc2a,FG2_CA
0x14a3f4795076c0ae67c2aa9efc10e58427a00dff,live,EtherShipsCore,v0.4.20-nightly.2018.1.4+commit.a0771691,FG2_CA
0x155ff26448ce413af5b76848719af803a40fa2ab,live,,,FG2_CA
0x15b4fc65f2909dd7ea150a796c50be4edc18cb95,live,,,FG2_CA
0x1733ba79646a19a2a3c54d8a0472466c660357d4,live,,,FG2_CA
0x178e422d4f7f15d6028ea25a8c6aba2d1241c0a2,live,,,FG2_CA
0x1a5dbaeca260678e5647584fb2306e2b3b53f257,live,Contest,v0.4.8+commit.60cc1668,FG2_CA
0x1afd952269873fe009c7bdff5f07fd91605a7227,live,smallponzi,v0.3.1-2016-04-05-12797ed,FG2_CA
0x1c16dad46b1428553db713bfd7f38fa86e89854e,live,,,FG2_CA
0x1c1992efa5f663d0f5af8b6f1544cdf6c552402b,live,,,FG2_CA
0x1d9fe29aec8852d7a32ac26b695c258840feba15,live,InterestFinal,v0.4.17+commit.bdeb9e52,FG2_CA
0x1f8eac009b3bd746d4fa5b20a51e218648a2febd,live,,,FG2_CA
0x205f5a8b68eb3ab18629fe0724f801a8e4fc0ba1,live,,,FG2_CA
0x20ef9ef8d226688b800732fb0f1f1f8f9c780746,live,,,FG2_CA
0x21feda639f23647ac4066f25caaaa4fadb9eb595,live,ICOWallet,v0.4.13+commit.fb4cb1a,FG2_CA
0x24f757d7b89af04213a8ab6f67f350f76aa22a77,live,,,FG2_CA
0x25926eff952bdcd3cb395a5614ab5094474b2dba,Self Destruct,EXPERIMENTAL_ETH_AUCTION,v0.4.19+commit.c4cbbb05,FG2_CA
0x2775ea3c785c2116ccd14aeda22303f7d9857d94,live,,,FG2_CA
0x291b0345851466b83840db49db886b2a062ac3f8,live,,,FG2_CA
0x2b45d02393578e09d138b8484f0b908b7a072ac2,live,BaseToken,v0.4.24+commit.e67f0147,FG2_CA
0x2eba4f65eae6f08ddb4c9db1ba41ac9d31eb8d86,live,,,FG2_CA
0x2ffe8372cc09f4df6b3ed0cfe5d8df1e30d8e046,live,,,FG2_CA
0x305d5c41a5d2de29d3884ff93abc7b0175fdeac1,live,,,FG2_CA
0x307d209664fde60a27b7efde5e80073bd8d875cc,live,,,FG2_CA
0x31397b9a3656bf3abe9edc96aa29959088d16c04,live,,,FG2_CA
0x32f14d71499fc2c1482eb275ec83ce5fb1d6c7ec,Self Destruct,QUICK_DEPOSIT_FOR_FUN,v0.4.19+commit.c4cbbb05,FG2_CA
0x335ce71e5bb8351800459ceab23a15036ab267eb,live,,,FG2_CA
0x35e44051799bd7cea091c4fad2cba9b37e364c5b,live,myPreICO,v0.4.24+commit.e67f0147,FG2_CA
0x3676c13af34fd677bcfa4b2fbcf77dfd640def3f,live,,,FG2_CA
0x386ad113262c6ec206ad66ed5fd267927702815e,live,EasyHOLD,v0.4.25+commit.59dbf8f1,FG2_CA
0x3a0e9acd953ffc0dd18d63603488846a6b8b2b01,live,TokenBank,v0.4.18+commit.9cf6e910,FG2_CA
0x3d9c195ae5feb66b1a7641e789338b50683ff747,live,FranklinFarmer,v0.4.24+commit.e67f0147,FG2_CA
0x3e373a5c2a10cbb8626216284a525dc5e0ce6581,live,,,FG2_CA
0x3e84512f277a5081b9209831c51bce665035d9db,Self Destruct,TheGame,v0.3.1-2016-04-07-054bc2a,FG2_CA
0x3f81d812405acd8fadde65177eb085927ee2b90d,live,,,FG2_CA
0x403f614ea176bdd865ab0377831f487987179cea,live,GIFT_CARD,v0.4.19+commit.c4cbbb05,FG2_CA
0x41a5cde849c3e5167db69934811958c2d36d323a,live,EthDickMeasuringContest,v0.4.19+commit.c4cbbb05,FG2_CA
0x422f8015c5d8168edee923749701360a8a4d0703,live,fresh,v0.3.1-2016-04-12-3ad5e82,FG2_CA
0x427e6460df1d9624f4e266f3dcc0c860fe5a6319,live,Bounty,v0.4.17+commit.bdeb9e52,FG2_CA
0x42bedd647e387dabec65a7dc3a3babcc68bb664d,live,BLINKToken,v0.5.4+commit.9549d8ff,FG2_CA
0x43de395326e1fd472bf8ab81bbc895cc620705ed,live,TwoForOne,v0.4.19+commit.c4cbbb05,FG2_CA
0x445df673309b75415a393ab4cd2520d51eb5a21d,live,KBFToken,v0.4.24+commit.e67f0147,FG2_CA
0x44c263ddb06702c5bf540b130b19e880b5a8777c,live,,,FG2_CA
0x460b3f3a8273dfbcd5fd5d23aaf0be5a11df3208,Self Destruct,,,FG2_CA
0x4620ac1edff8753012418a66a0b435c4b51f77a9,live,Presale,v0.6.12+commit.27d51765,FG2_CA
0x467532e79222670a2044c9b168bcbaa33b390ef5,live,opposite_game,v0.4.20+commit.3155dd80,FG2_CA
0x47a430808dbad2da2b920f66b6d8040f3b4c0512,live,,,FG2_CA
0x47c25a00d53337c0bbf297a51939a1a9309ff5c9,live,,,FG2_CA
0x48dc0f4d471e6775ced9f7ef50c400a3a449cc19,live,,,FG2_CA
0x496a84aeaa78f6fc8ed458904d7f2d52b222e823,live,,,FG2_CA
0x4b17c05fc1566891e5a9220d22527b5aeab0e1d0,live,microICO,v0.4.24+commit.e67f0147,FG2_CA
0x4b2838d9326bd5126f0573d9b5c71c0626ab28f2,Self Destruct,,,FG2_CA
0x4df4364216f729f310c7656fc7e8933f3c6d0dce,live,,,FG2_CA
0x4e00821b562e98bfbfb32245468b3ba4e5b3140a,live,,,FG2_CA
0x4e942e1b0957f69f2a491d0ce46b609df93067ce,live,UloxToken,v0.6.12+commit.27d51765,FG2_CA
0x59f3d26902caf222d9d4abb91fe2cb9c9956c010,live,QuizQuest,v0.4.24+commit.e67f0147,FG2_CA
0x5a53fff03bda72adf29c8b936f98a3160354fe4f,live,,,FG2_CA
0x5ad10dc7eee510d789c88080a103332ec71cbacf,Self Destruct,,,FG2_CA
0x5dc2b3d9c1fbce1e7aedf4f18ff2c2cb4af0d357,live,,,FG2_CA
0x5ea3569db479365a1eca770cbad95bf9f5cdf03c,live,,,FG2_CA
0x5fd5dd087f893854b0c935cc922cb22218bf0cb3,live,,,FG2_CA
0x6006e404c8adf05891144b41c9602c353c9e493b,Self Destruct,,,FG2_CA
0x627d2ee149cb0daec9e7b8aede4f03036ea9624c,Self Destruct,,,FG2_CA
0x627fa62ccbb1c1b04ffaecd72a53e37fc0e17839,live,TokenBank,v0.4.19+commit.c4cbbb05,FG2_CA
0x62e82bd7c894343d8cc580c21167fd9886268fd2,live,,,FG2_CA
0x63713bead598428e7d0778df00c3ab33fa78b5f4,live,,,FG2_CA
0x65c52ae9b15dd6f30902e9f8164c91e912ee2be3,live,Vault,v0.4.17+commit.bdeb9e52,FG2_CA
0x6973bb93915e9743d3f39ce369418b9df511c7c9,live,,,FG2_CA
0x6c60cb59737d4eb5f766a2b8749bcaa85df14358,live,,,FG2_CA
0x6f6b9adff1e1f77153aaae2a4b9b2159bfd3e7bb,live,,,FG2_CA
0x736fcb9221bc56a76116981d010d17a320d7ca73,Self Destruct,zHQPreSale,v0.4.16+commit.d7661dd9,FG2_CA
0x74b1e7a15d5fb45868db39f3df1d182479606ec4,live,,,FG2_CA
0x750241c16c9fb878a7afd2b07b80f53e02c3f634,live,quick2,v0.3.1-2016-04-07-054bc2a,FG2_CA
0x757167d6238936428d9baf0a29605b2783e3b925,live,Jeopardy,v0.4.24+commit.e67f0147,FG2_CA
0x76462da255bfc7b990035c6dd2e76f8b99a9c827,live,,,FG2_CA
0x765951ab946f3a6f0379680a6b05fb807d52ba09,live,,,FG2_CA
0x78a91464a77833e1f853cd3e9b42476b7dfb4609,live,BLINKToken,v0.5.4+commit.9549d8ff,FG2_CA
0x79613a56d60ed4e74c25d284f44792be17aca692,live,,,FG2_CA
0x7a1b266a05faec6490817b2f18dbc24377dcc2d1,live,,,FG2_CA
0x7a1f4c713b7ced54b86a3baca9cbda91d2ef27fc,live,AMBROSUSFund,v0.4.16+commit.d7661dd9,FG2_CA
0x7ad537f90bcdd4d2c5eaef4285643e5040c703b7,live,Riddle,v0.4.24+commit.e67f0147,FG2_CA
0x7d3b08fa2404d8436a2100cadc954fe92a700dee,live,Swap,v0.6.12+commit.27d51765,FG2_CA
0x7e2a69222d2b7f970703587e32949e10ff35ed17,Self Destruct,,,FG2_CA
0x7fed77c64559645176e783db9ef6547ccb762fa4,live,Contract,v0.4.25+commit.59dbf8f1,FG2_CA
0x808118a10f1811e7e8c5213ce1391c6c5adaf6b2,live,,,FG2_CA
0x80d2ae9b3942c2179540d4ae683125549ff1ba06,live,,,FG2_CA
0x81190d066c1cca9a778a41703c9c7f6c506629d1,live,EthDickMeasuringGamev3,v0.4.19+commit.c4cbbb05,FG2_CA
0x83d681280ebb933a428006da572843d9e1d97f9b,live,,,FG2_CA
0x881f21d3e2d2d4f48d815f41bea8dbdcf0e24e50,live,DepositVault,v0.4.18+commit.9cf6e910,FG2_CA
0x890dc1df89fc6b14d4a69b93ad2ee68b57085767,live,,,FG2_CA
0x896aa1c36c36a70c956681b4c03b00b13be829a4,Self Destruct,,,FG2_CA
0x8d54459ae19dbdf17df681ea0bdf962d47c69271,live,,,FG2_CA
0x8dcabb5801bde17e5c5ede7624440fa956baac3b,live,KnowQuizEth,v0.4.24+commit.e67f0147,FG2_CA
0x8dd44137ed45dec8fdce8b3d60318acfc9d3f686,live,,,FG2_CA
0x8e1f5a1c8294af0eb00e4003b2d78a0919072e1e,live,,,FG2_CA
0x8ea5950fcebe4680d59040f5bb8c6f49d6410c08,live,,,FG2_CA
0x8ecf22f0c27fa5253a3eee350438cc2caaff9972,live,,,FG2_CA
0x92ac2c9f0c4d179feadb8e4b3d8111ef403257f0,live,,,FG2_CA
0x94103e7022d94ef11868e1bce1d3de6d60a695ae,live,,,FG2_CA
0x94dd78dbe600cc5c4e9caa5f3444affd36b33505,live,EthDickMeasuringGamev2,v0.4.19+commit.c4cbbb05,FG2_CA
0x9775b4c42e2804344d36a427633a8136a779e4d1,live,,,FG2_CA
0x9a59575c76eb44c23ecdec0aac223de18712d47d,live,SafeMathLibExt,v0.4.11+commit.68ef5810,FG2_CA
0x9f06e48ad8283699409c627f694e3871773907fe,live,,,FG2_CA
0xa2d9a933a517259eef8cdbb36d4cab68dcab3d0a,live,TokenMintERC20Token,v0.5.0+commit.1d4f565a,FG2_CA
0xa3bb0578d04d3b8efc6544ad31dd5be136b61db0,live,IronHands,v0.4.24+commit.e67f0147,FG2_CA
0xa5629861c9c345f50221996ef852fd9665eb1c05,live,IronHands,v0.4.24+commit.e67f0147,FG2_CA
0xa83c4a6d0418074655bdbe74fed8435c46c19f66,live,fairandeasy,v0.3.1-2016-04-05-12797ed,FG2_CA
0xa8a99dac506e07f16ade3ca6513c485deaf94166,live,,,FG2_CA
0xa95fa2739bd56e7b1934f511a20c7e3aee596689,live,Wallet,v0.3.2-2016-04-18-81ae2a7,FG2_CA
0xa9a144b4001eb88cec3d051a987eefb188653bbb,live,,,FG2_CA
0xa9e47658f28bfbcad94ef97201ac328cf7e85529,live,,,FG2_CA
0xab51a20d744574f33e7f28a7b66b748dd5f7ce04,live,EthDickMeasuringGame,v0.4.19+commit.c4cbbb05,FG2_CA
0xaba5b33cab706e22cbb15cd0d0b7741469f6d1e1,live,,,FG2_CA
0xabd4492ced4ba9e677e5459fa48cb41f694636aa,live,,,FG2_CA
0xad29330990bf08fd41e7bc31385d050898ccbfa0,live,,,FG2_CA
0xad4df4975414e0dcb4c24356bf3947b21b6845e8,live,,,FG2_CA
0xada4f7ad549844c0bb7b7d70e77d3a37ef87d789,live,,,FG2_CA
0xadfaae1acc9db0440e43214ef5e7aba7e0a88eb8,live,Lottery,v0.4.24+commit.e67f0147,FG2_CA
0xae67a572f84dd6caf4174b8307a7b859f8aeeb0a,live,,,FG2_CA
0xae81b7a8bb06e683dbb4570f623094311145f326,Self Destruct,,,FG2_CA
0xaef72f7e39a7d4bf15496e92999088988ca2fe9d,live,,,FG2_CA
0xb063b44f10c788d1d73a942da34e15c496c7499d,live,,,FG2_CA
0xb1c2f0cd906e491ff469bd6746ecd1023d46c101,live,TwoForOne,v0.4.19+commit.c4cbbb05,FG2_CA
0xb3f28180f9cceac8f8dd704775cc71ad67f027f9,live,,,FG2_CA
0xb551dfbb46ecbc46cbce26957846e6e10ddbad07,live,,,FG2_CA
0xb6aca06a3588f4ce5ce33a1a7e9152892b250ca3,live,IronHands,v0.4.24+commit.e67f0147,FG2_CA
0xbd10c70e94aca5c0b9eb434a62f2d8444ec0649d,live,LINKFund,v0.4.16+commit.d7661dd9,FG2_CA
0xc1fbb18de504e0bba8514ff741f3109d790ed087,live,GIFT_Envelope,v0.4.19+commit.c4cbbb05,FG2_CA
0xc3e90d7213a64fa964a94bda8ab08c03a589f425,Self Destruct,,,FG2_CA
0xc3f2b61da3c3797930caf9e9ff174c2d70b2e8a5,live,Bounty,v0.4.17+commit.bdeb9e52,FG2_CA
0xc4321e262353fc1f6dca8f5054cf7c24b0c4181c,live,,,FG2_CA
0xc446f808f2973015be8cc86be37f76aac2c973bf,Self Destruct,,,FG2_CA
0xc4529ea3f838a7e27a673a87bfe844a5b8b1e4e2,live,InterestTest,v0.4.17+commit.bdeb9e52,FG2_CA
0xc5390981cd01acf08cd0e0c5a17165e592e0d085,live,,,FG2_CA
0xc7ede9535c809332b16a5b7d0cdd7467839820f0,live,,,FG2_CA
0xc85db7a696e392f494f6e60235bf349df6ebd8ca,Self Destruct,,,FG2_CA
0xcb148a1efe821ed3c3ef5a42e74645adee5f24e8,Self Destruct,,,FG2_CA
0xcc27ce64cf6f807cebfac616ccfe512641fa503d,Self Destruct,SIMPLE_PIGGY_BANK,v0.4.19+commit.c4cbbb05,FG2_CA
0xce8c654fec106d70a6ca53eca8249ac526b5fbee,live,,,FG2_CA
0xcf797c717267d833d948fe8f76742f05b8164491,live,ProtectTheCastle,v0.2.2-2016-03-10-34d714f,FG2_CA
0xcfc60841bb8a64446771704159a1130a526d4b86,live,DepositBank,v0.4.18+commit.9cf6e910,FG2_CA
0xd12d8f8dfa54f1578b2177f99b2e282367b66b13,live,doubleyour5,v0.3.1-2016-04-05-12797ed,FG2_CA
0xd19b5dac437122b718a592ec76844dcebdfef43d,live,,,FG2_CA
0xd1c0644708d66ec7849bb09173edefe731d709cd,live,,,FG2_CA
0xd1ee0c68157cc774fb1ecf9391b06d3f064e58da,live,SafeMathLibExt,v0.4.11+commit.68ef5810,FG2_CA
0xd409c61cd9b0c6bd8d9ef68439474bd975f6e0ce,Self Destruct,,,FG2_CA
0xd887c0197881626b3091b41354f9a99432d91aba,live,WONO_ICO,v0.4.14+commit.c2215d46,FG2_CA
0xda9378ae021239378752acfb1821bb6ed9309371,Self Destruct,FREE_FOR_FUN,v0.4.19+commit.c4cbbb05,FG2_CA
0xdbda6655f1da6a4cf9513e02a112051d0152fbe7,live,,,FG2_CA
0xdcbb6f73faa2bb5ff446d43ddc0b08fcecb93b5f,live,,,FG2_CA
0xde39bcc574d7826f5ed64d045425571564dfea9e,live,RipioFUND,v0.4.17-nightly.2017.9.21+commit.725b4fc2,FG2_CA
0xde925074ea47b250ec3eab91daaf2aa75919f2ac,live,,,FG2_CA
0xdeb67e94701a22fd2c826573094b1bd0156e03f3,live,,,FG2_CA
0xe14f29c22f47d1ca8dda796a6718c6bd0be0b3cf,Self Destruct,Vault,v0.4.17+commit.bdeb9e52,FG2_CA
0xe177f5929597388ac6c8a1800e0a03ae70d96da8,live,,,FG2_CA
0xe190acdccd250dc371e69f1715ff4a7c20d0c67e,live,,,FG2_CA
0xe22a1b2e1444ccdb730a58930819210ec75adc58,live,LINKFund,v0.4.16+commit.d7661dd9,FG2_CA
0xe452a48c99f7717e6a3e4b5fc858b143ebec5132,live,,,FG2_CA
0xe4af0eedb8312d812b0ad2f2390391923f181d64,live,,,FG2_CA
0xe4ceb5a09d7c38d91587716c6f3e27e3f83f13bd,live,Presale,v0.4.11+commit.68ef5810,FG2_CA
0xe5153f2c1e895b8b39ca75b5b2cd45e9ec1e5e1a,Self Destruct,,,FG2_CA
0xe54420ef4ecda25e08b82a71f72e043f83d7d808,Self Destruct,TheRichestMan,v0.4.17+commit.bdeb9e52,FG2_CA
0xe59005d47a26d56ea718cf61c9e2bcdd2f723f9a,live,,,FG2_CA
0xe60f0c6aad0b02f62e078bb0d2c31a440ac8e7d0,live,OnePercentperHour,v0.4.25+commit.59dbf8f1,FG2_CA
0xe86c6b6c21de28da056e609bda3409ac60028e40,live,AMBROSUSFund,v0.4.16+commit.d7661dd9,FG2_CA
0xe886b1e57175d0dcd3a07daabf56981b505f4a9e,live,,,FG2_CA
0xea855828853bd9411d18af9b91095e50e9bef39b,live,IronHands,v0.4.24+commit.e67f0147,FG2_CA
0xebb19e4d888cb06e9f58068409a914b0f1d20838,live,,,FG2_CA
0xef02dcc2e1cf06e2cded2d0c3697843e94a41741,Self Destruct,,,FG2_CA
0xef6ad5b5e389b3676ca1c666d88821d4d5cad2ae,live,SafeDeposit,v0.4.18+commit.9cf6e910,FG2_CA
0xf05761137e5969395c563319a66e7eb1283bb333,live,,,FG2_CA
0xf192246df2eacb1de8b861c1d9cba145fd4af6f9,live,,,FG2_CA
0xf2181c511002f729e28d504ce191895057147003,live,,,FG2_CA
0xf5b72a62d7575f3a03954d4d7de2a2701da16049,live,PresaleFund,v0.4.16+commit.d7661dd9,FG2_CA
0xf5f2ab0f4a3f275b5beda2c774c2fbe64e4a718f,live,,,FG2_CA
0xf64bff8c799306aa5e431b052909e9ac6977a6f7,live,,,FG2_CA
0xf6fb8999e240acab5612041f941f913964f81555,live,,,FG2_CA
0xf70ce1be9685b0cfb531bc712d3faace858b5bfb,live,fairandeasy,v0.3.1-2016-04-05-12797ed,FG2_CA
0xf8e2803be874afcf7d305653cc5d45782e29a684,live,,,FG2_CA
0xf9c05e27ad87d8fef58225024eaa124118a2af7b,live,,,FG2_CA
0xfd1c3314bf64c12017093351cdd2fb6b07e0c0bd,live,SimpleStorage,v0.3.0-2016-03-30-c2cf806,FG2_CA
0xfd2415e088e4e01eac9ad4e525587947cbe93412,live,,,FG2_CA
0xfd52fa412913096a6b2e84374babf84b6ff2baf6,live,IronHands,v0.4.24+commit.e67f0147,FG2_CA
0xfd6ecfe1cc8cc5a0e49961b34c20ba6577c60df8,live,Vault,v0.4.17+commit.bdeb9e52,FG2_CA
0xffff0031d8768861b3172a7c7dc7d91b646f53db,live,Lottery,v0.4.24+commit.e67f0147,FG2_CA
0x001e403599353dc9fc74a6ebb7775dc8ee4d84ae,live,,,FG1_CA
0x0148179f1ff77e236e97b646502261ea29517d32,Self Destruct,EGClaim,v0.4.25+commit.59dbf8f1,FG1_CA
0x021e5e6ab3efe5eb0c060b4c4c523c7470787ef5,Self Destruct,DepoX,v0.4.25+commit.59dbf8f1,FG1_CA
0x0502d65fbb1f71b9387d62c4c1bd7b1e26f1401e,live,,,FG1_CA
0x0578cffe8728c40deb46f31466cecf4b4cde5bbf,live,,,FG1_CA
0x0644a20f936363379f48ed4550c2ba0900699828,live,,,FG1_CA
0x06c13edb2ca4b99708b30ae30172cfe55879bc39,live,,,FG1_CA
0x06edeacddb65a4ff63a85ff76ed417cfc502b42d,live,Metadata,v0.4.24+commit.e67f0147,FG1_CA
0x07303d8e28af5f706b0a392d8026893f731ef2b7,live,,,FG1_CA
0x079155017915a96414d1266b8377d0107e1eb65c,live,,,FG1_CA
0x0862dd83831d963539736992d7913af4ded5aeaf,live,,,FG1_CA
0x087f6d7fb3b3777e151cc800ed2d33d612c3b137,live,,,FG1_CA
0x08a418ddcb4adb868036fafad0444eda19191ccd,live,BatchTransferFrom,v0.7.6+commit.7338295f,FG1_CA
0x0a2fcbb0a59e356dc3b5a8fe1d30e0f062e1cdd6,live,,,FG1_CA
0x0af6314827e0ef9cc54db654a642451248494370,live,,,FG1_CA
0x0b8ee4387fb603424e070688a1337e56369f7184,live,,,FG1_CA
0x0c3cff7389d634d0fb1403ce8d908ced172321ef,live,,,FG1_CA
0x0c4ca34347e056852ff0842d16725d598d1da6e0,live,,,FG1_CA
0x0c706505e7b461fca7ca524754ade7c9c7b1cff4,live,,,FG1_CA
0x0cc5a2e7d936864d43ed57229e46f3e737b68ea5,live,,,FG1_CA
0x0e3aff8902fdc662fc5d41187f95c67dc95770a8,live,,,FG1_CA
0x0f0b6cecfd03b847ad45a4d488f6c703af85af00,live,FundingVault,v0.4.17+commit.bdeb9e52,FG1_CA
0x0fec29b50c035dd9e6bf7a3d2514fa476b7ff174,live,,,FG1_CA
0x10124ca4a4e8a5908c18abc536c6f828a7efe1ea,live,,,FG1_CA
0x102102b8908853e2cbf4c5ce3c6c845c6bfa8f55,live,,,FG1_CA
0x10d4dc95e3a1edacc5cd27e96fc3e2f1b01f5e57,live,,,FG1_CA
0x11d0b2243739656f54c0277ed0eecde46658a537,live,,,FG1_CA
0x1262b4bb3951e19e5e8208ec234e5da9e1fa26d2,live,,,FG1_CA
0x12db4b88fad2e21e075fd4382e77bd76a096e017,Self Destruct,AssetSeriesA,v0.4.25+commit.59dbf8f1,FG1_CA
0x131efcefad997f6dc2b3a73a645b31e62545bd40,live,,,FG1_CA
0x135b032a6fee8060ec7c1c7c5fe1f25313a9b992,live,TransferReg,v0.4.18+commit.9cf6e910,FG1_CA
0x1365b4ce628e26ae1bcab699e9558f011c62e488,live,IcoMultiWallet,v0.4.19+commit.c4cbbb05,FG1_CA
0x140b823001e9759280bcb2658fc28f888f0a97dc,live,,,FG1_CA
0x165fb44fb0b647931ceffbfbe583e9e295465c2e,live,,,FG1_CA
0x1687bed01911b3062ffcdd1b2d548af0443f5530,live,,,FG1_CA
0x17c618f065625bd570419247bc7e21c8308f7c65,live,,,FG1_CA
0x180824999a8479c9aa4160b6657c5df5e6dc16be,live,,,FG1_CA
0x18592e337d3d72a98fe3ca156b1f41733efd4f22,live,,,FG1_CA
0x185ee1a2379e83506f3df5cb996d0c068c81195f,live,,,FG1_CA
0x186cf61b2fff03693835c571beabcd69ce6ad447,live,,,FG1_CA
0x18a70afe74fa03302d1917485b21c4497291db82,live,,,FG1_CA
0x1a2c5c3ba7182b572512a60a22d9f79a48a93164,live,,,FG1_CA
0x1ae8de76110a311d503342221745c9082e0e3541,live,,,FG1_CA
0x1aeb204c314501d92dcb5101b7d9706d780e38dc,live,HumanStandardToken,v0.3.5+commit.5f97274,FG1_CA
0x1b1c789fccdfc6a7b1fef651a1464043f0a38ada,live,Vault,v0.4.17+commit.bdeb9e52,FG1_CA
0x1b2805cb4d45eed354ec0b4d925a745de0cd020b,live,,,FG1_CA
0x1bd9d2664cd3b94f97daaad0a911a4698641fbea,live,,,FG1_CA
0x1c5ea5e52b5eca5b14d5cd7db654aee96c235682,live,,,FG1_CA
0x1c7c449ba1e8cb042b2100310620e550b2c25ac0,live,,,FG1_CA
0x1cdc6018519b8921e7236bb84e3e293bb856858a,live,,,FG1_CA
0x1d1fb56d17c2cbd7a4d2f0b63e5192b49261dd8c,live,,,FG1_CA
0x1d39296249bbe16cb01151fd24b9c9c29721ac7b,live,,,FG1_CA
0x1e0b0348d11e79ae3efbcc89fb6a70eee05ae18e,live,,,FG1_CA
0x1e38e5bcb25ae7bacd51e807c7f3d9a126685a6f,live,,,FG1_CA
0x1e4b8b19d0d2906a440c76d9e4ad75a94f55e3be,live,UAIRRedemption,v0.7.6+commit.7338295f,FG1_CA
0x1edd9342ed324ca557118f1a4b2667d69d0dae95,live,,,FG1_CA
0x1fce1de80d291c558195facffd3c4049a127ffcf,live,,,FG1_CA
0x200eb8e66df8557ad176967eab5d399923a3ec54,live,,,FG1_CA
0x208fab263a58075629f77ebcfa40ae3b4a8199aa,live,,,FG1_CA
0x2091a5429f39c7761b53658c03a7ed180f9981a7,live,,,FG1_CA
0x21c6d20f8b8e7fdf49afce3d73b42df371d1ffe5,live,,,FG1_CA
0x22f913090714c634bda76b25208ba708e3b87782,live,,,FG1_CA
0x24eea2ba6b3cb6a680f61ae7ba58d532cdb2b234,live,,,FG1_CA
0x259789b1e3fc296849803dcd15de4f8649f47632,live,,,FG1_CA
0x25a07118757795e2e341db9ec8b88d0d397159d1,live,,,FG1_CA
0x25df6e3da49f41ef5b99e139c87abc12c3583d13,live,,,FG1_CA
0x2aa9def8f656881a6a57c1a29891f2ac92dc9128,live,,,FG1_CA
0x2d5ebaec2296e41f4f9e3d4225a10490d51af4b0,live,QuantumSatisToken,v0.5.16+commit.9c3226ce,FG1_CA
0x2d8f0eb75bd3757b750652d20d0a65842a073683,live,NUXMerkleDistributor5,v0.6.11+commit.5ef660b1,FG1_CA
0x2dd919a28d3eb0e00bb4b3a2a29113e8b7241260,live,,,FG1_CA
0x2ec4a3323d3ce0f30cb2c07b02b70c557059615d,live,,,FG1_CA
0x31bee405746525c1c6d94a1f0392a5ac88baa0be,live,,,FG1_CA
0x33113aeeb975d0d3b881c03024f03822f98c419b,live,,,FG1_CA
0x3396025547ac9c47c4dcdd1b69146b57f65cc491,live,,,FG1_CA
0x33f82dfbaafb07c16e06f9f81187f78efa9d438c,live,DepositProxy,v0.4.20+commit.3155dd80,FG1_CA
0x34ab2aae2792aaaabfe9873e9af3ead2d3e5d3c9,live,,,FG1_CA
0x35d9dda2d3a9274bed9b4903cc338eeb5d06a5f4,live,,,FG1_CA
0x35f0a6c669c00ec44e18b8a28a1014b96348333c,live,,,FG1_CA
0x360138af892bd292767dc1bba289a69b458ca853,live,AI_on_BlockChain__Execution,v0.5.5+commit.47a71e8f,FG1_CA
0x36a63212f86dd4735df1d9b17aa7b621093e2f13,live,,,FG1_CA
0x378af82c0d6bf5e9ceef624047115c497ffa9d27,live,,,FG1_CA
0x38ab5c0142bb97f2d1b89126fe7906c37a375c67,live,,,FG1_CA
0x38acc6c57f3fea1d9dbffb395f3f7c3143f0d749,Self Destruct,GetSomeEther,v0.4.19+commit.c4cbbb05,FG1_CA
0x3a88d712f78b33de2fa8d3fec97cf89719b7185e,live,,,FG1_CA
0x3aeca7de4691707a25f252f3b452f1b1db6b17e0,live,,,FG1_CA
0x3cbfd8955bda6140486bae09026df60184adc899,live,Nano,v0.4.20-nightly.2018.1.29+commit.a668b9de,FG1_CA
0x3d26e176a2d25d3ae98f67c9f1086704be816e5e,Self Destruct,,,FG1_CA
0x3db9f293b2e992f8c339a543561a615559c375dd,live,Countdown,v0.4.19+commit.c4cbbb05,FG1_CA
0x3e0f7b6d72d945b442c9545c882a24f40f2c40a7,live,HumanStandardToken,v0.3.5+commit.5f97274,FG1_CA
0x3e5fb42569cced1d04b2d58b08fe8a95b0d728e5,live,,,FG1_CA
0x3e6c165ddcaa5853722edef730d254796827db21,live,,,FG1_CA
0x3f73d7a6fc0f57cceeb5c064896c7ff6bc468ded,live,,,FG1_CA
0x3fadde945304a36cc2950c3674dc933141a0412b,live,,,FG1_CA
0x4019d00d2f94ac770856ca4dacf73291060b053e,live,,,FG1_CA
0x401a029c868a19ff5bae80ecd36ee1eadfe54950,live,,,FG1_CA
0x403e28f0680bde2fcb401d6ad5c44ca11d22e032,live,,,FG1_CA
0x40c44d2a6bdd53ce364fbd290100a2b7446f28a9,live,,,FG1_CA
0x41bad2dfccffc460edf649a72ede7bd28d702dee,live,,,FG1_CA
0x4209a51508b9ecdb874ea33aa5b5269747062245,live,FeeNo,v0.8.4+commit.c7e474f2,FG1_CA
0x4292abd10740eaf4b12514d9b5ff2edfdd728772,live,,,FG1_CA
0x43db968682a87b69d65ce66764e2f99128fa6442,live,,,FG1_CA
0x43fbd7ad7274d3c81ffb38c54094d7c32e54ae10,live,,,FG1_CA
0x44bc652e977c0a40905ea9d0eb0da1a148358d61,live,,,FG1_CA
0x45c4e3753f538dc5df07184f1374faaead6b2e35,live,,,FG1_CA
0x461717a90478dd7bd18329b021c86caf41810f7a,live,,,FG1_CA
0x4767bc85527cd1aa6c42d355a63abfd40ea68328,Self Destruct,,,FG1_CA
0x47aed4accdb81acfd5cd7dab6f6356c2747db083,live,,,FG1_CA
0x4828614bcfc78b209c396152a039541ba0b15fc9,live,,,FG1_CA
0x4ae2a9e5c6e30f0501176dfdc5279600d7105fd2,live,,,FG1_CA
0x4ba73331ab9a64f82ec24cee5ca20e6ad08f97a3,live,,,FG1_CA
0x4d17dfcede33141ec62c7a5bd25ca23edac669cd,live,Wallet,v0.3.2-2016-04-18-81ae2a7,FG1_CA
0x4e0ca85e4e7863a37b535903f5fdae3aa0a1642b,live,,,FG1_CA
0x4e5391d48c4dae13af02e311b6d4ec31b30ae43b,live,,,FG1_CA
0x4e829594757097957900662cea360b5d2cbb355c,live,Wallet,v0.3.2-2016-04-18-81ae2a7,FG1_CA
0x4e959520bbf9fbfa371cb6c9a56e653e7d51e13e,live,,,FG1_CA
0x4fc4549757f9520899f70be4da8908258dcf6be5,live,,,FG1_CA
0x504375253380b2038be36b4f34da0a1dd002a638,live,HumanStandardToken,v0.3.5+commit.5f97274,FG1_CA
0x507bd574da5dea08de673a1e16232c9fbafdd870,live,,,FG1_CA
0x50b260eb03d353432f6cb2fe4822522009219043,live,,,FG1_CA
0x50d407244892244634043d65ab4388988650eec0,Self Destruct,,,FG1_CA
0x50f4443f9d2f0a1b2712ea8613afd502dc124cd0,live,BLINKToken,v0.4.24+commit.e67f0147,FG1_CA
0x51019e97e79e777cd8d623b2cd85b1c6651e1e9d,live,,,FG1_CA
0x51a93e4ac818bb697dc6f8a9f3fe338c81eeef1d,live,,,FG1_CA
0x539e67a4a1254b9a770678870c08942614075250,live,,,FG1_CA
0x54f234b814a9114436e5a79e59b2a85a51a47983,live,Token,v0.4.24+commit.e67f0147,FG1_CA
0x557241bdd4fd0b481597600826ff83e897c540b5,live,,,FG1_CA
0x55791ea128a7b7fc871272d9147435a3abb3d1eb,live,,,FG1_CA
0x55f350578e38a2b061c74ed2eabaebfc2a886a1a,live,,,FG1_CA
0x5622f74ee49e05dbab49deee1705a8cf807b9efe,live,,,FG1_CA
0x56393cffd2c85a37e543949c5c21dc7697c72680,live,,,FG1_CA
0x5662428b5a70b6a34f51f44ade33c80711269e3e,live,,,FG1_CA
0x57eda90d7a050e4344d3a4f1612cb60de2255b45,live,,,FG1_CA
0x584805f31773ad1e1fb39c6629aa852c06300453,live,,,FG1_CA
0x58c36d66a92c0db24a7934a53710cb6687ca6665,live,,,FG1_CA
0x59c98ed491f9dc108209d7e3058192d2378a8bb5,live,,,FG1_CA
0x5abb8dda439becbd9585d1894bd96fd702400fa2,live,Gift_Box,v0.4.18+commit.9cf6e910,FG1_CA
0x5cbfc974924aa0eb8dbe889193d1d31d4038d6c5,live,,,FG1_CA
0x5d274cf7f8cd2870337a8170d526ea7d176fd8f3,live,,,FG1_CA
0x5d42bd5ae288a91e0eea278aecd024dfe37ebfd9,live,,,FG1_CA
0x5de43da3903c6baa23552383d445f255b01e0f3d,live,,,FG1_CA
0x5e20b3d72ef987f59a5dd85c55e2f277ae795ebf,live,,,FG1_CA
0x5ee7b7c0c549b3f09e0f6082dcb31fe2a191910c,live,,,FG1_CA
0x5ef741a65b657a559e2d108957559c68e38a45e1,live,IronHands,v0.4.24+commit.e67f0147,FG1_CA
0x5f0e948c748cf316757e7e63d048ed31cee7ca09,live,,,FG1_CA
0x602a69ac7e6cb699c5647b9cddec5c58a4e37813,live,,,FG1_CA
0x606a831594659e58d010d4c245ec7a411dd41845,live,,,FG1_CA
0x60778cb37b76e1ccd8e05e25cf712ba5bda3217a,Self Destruct,testBank,v0.4.11+commit.68ef5810,FG1_CA
0x623354a5a3b36f3781c6140311820ce5b727eefc,live,,,FG1_CA
0x6267645196164fa155579ea014612c0de32b76fb,live,,,FG1_CA
0x62cd791016478a16a75c82ea0c6f13136f8d7e62,live,,,FG1_CA
0x62ff037535447e500119427b289bcaf2eb3a9493,live,,,FG1_CA
0x630b6ce3471ea19d3e31ddc07160d79ef96957a3,Self Destruct,Asset,v0.4.25+commit.59dbf8f1,FG1_CA
0x63372b51f1115b504f4e640f0135634fd61e7a67,live,,,FG1_CA
0x636c55bcf18d036bca0ff06cb8c47945f946b0b7,live,,,FG1_CA
0x6566215d923ebd5cd4a2d115e24dd793ed5afbff,live,,,FG1_CA
0x65e3f6340d3af1d1be86168cc1ecd3dd2afeeef8,live,,,FG1_CA
0x6600abea743800b0882ae97aad6fb0f4c427c395,live,,,FG1_CA
0x662cb3258969ea9f2ecb9a7ac5e51870325e0b88,live,,,FG1_CA
0x67c5fc7d2284f5a2e8a66987cca266640eb2b62a,live,,,FG1_CA
0x680a09ec5a6a33c8cdf7e8b37e8d8472d6988eb9,live,,,FG1_CA
0x6879bb5dc5dafc8bc4e31cf4baff5308a343db54,live,,,FG1_CA
0x689fe95356ddd510b458a3b18184e0e85bd6aea9,live,,,FG1_CA
0x68c5b928f385e2e978c935086837363391a8d053,live,,,FG1_CA
0x68ce2d194949eeb3a2524d8af883c349b868edfc,live,,,FG1_CA
0x6b3baa2d7f7e6c66092151cf53385e51d530ff52,live,BasicToken,v0.4.20-nightly.2018.1.29+commit.a668b9de,FG1_CA
0x6be9469057587d3fab951a17dda3745ae2f7d581,live,BurnContract,v0.4.24+commit.e67f0147,FG1_CA
0x6d39c349983248912f311d68126d85e9b9681d00,live,,,FG1_CA
0x6d9ad30d8d20b13e668c6410e91deb93c4d4a140,live,,,FG1_CA
0x6e507851f802d086abd47958f74262d744c4ed24,live,,,FG1_CA
0x6e5b7f4e908b6e55c8f8bd699487825666d3c1dc,Self Destruct,WeekendPay,v0.4.25+commit.59dbf8f1,FG1_CA
0x6ebb32c7adeec0467065fa475ce31c88ddb5d762,live,,,FG1_CA
0x6f49baef279f8c40d7479f5be6a9bbf5fc607af0,Self Destruct,,,FG1_CA
0x6fcf92b10f88dd680fc09c9fa2fe97bbcf204ede,live,,,FG1_CA
0x70dc2bfcd5a4c72d199fd8e4dd23422a23e8d2fc,live,,,FG1_CA
0x71468f0cb9e5e914400f6909c087584d07b28e97,live,,,FG1_CA
0x71ffddaddd1e212d29948511d468de7ddd3a618a,live,,,FG1_CA
0x728d52789bdcb8e4b76172c0120db8ef97914f64,live,GameofGold,v0.4.21+commit.dfe3193c,FG1_CA
0x72b8f99d7663009607154a55a783ee6e4fbfab9c,live,,,FG1_CA
0x751c952dca9dc971d96c7ccb1ba44bba53acbf4e,live,,,FG1_CA
0x758a6cf7d6468a0aef0adf915eb4adb4ddf5055c,live,Lottoshi,v0.5.4+commit.9549d8ff,FG1_CA
0x75c8453573b0db4823e1e54f7a6b88150ca3e429,live,,,FG1_CA
0x760c19d2ee6a57dd33b54a1b4a8aa97a6c32a8b1,live,,,FG1_CA
0x76473c0ab8b02b0a4b541f3bdd1f42c4b5dd99c5,live,,,FG1_CA
0x77929546407e49f804096511c0d8b16b22039f4b,live,TitsToken,v0.4.17-nightly.2017.8.25+commit.e945f458,FG1_CA
0x77c2e45de8b1cbaf4aa3f5b0506496881f8706eb,live,,,FG1_CA
0x78d15ec6d53a2607ed8af6cf11ccf6b15623e1cf,live,,,FG1_CA
0x7984ec92bd001cbc2feb4a438b0bb0e897db1a22,live,,,FG1_CA
0x7a72f1ef38be1a155ccd298885c753aef861efe6,live,,,FG1_CA
0x7adba62545dee64d990b24e91ecc00493b0ff432,live,,,FG1_CA
0x7c52974b6eb8af0ddf874b3c4e03aa9a791d9632,live,guess_wis,v0.4.20+commit.3155dd80,FG1_CA
0x7d7c699c92802bf828c1a47c96539a2b47009d21,live,,,FG1_CA
0x7e742fa102c60d1c33602e6163d7981bf4417e32,live,,,FG1_CA
0x7ec40b905a09f90bc4a692b19160fe6685b5ff47,Self Destruct,Hodls,v0.4.25+commit.59dbf8f1,FG1_CA
0x7f78905b5c15ae6496913e091ffa39669804c757,live,,,FG1_CA
0x7f84a6d104634618a1bcad9cb44e030eaf0e76ac,live,,,FG1_CA
0x804d826376d1919c19ae1b577a8d643e86c601a1,live,,,FG1_CA
0x80dc0221c35919afbea3bcfc7624869206345143,live,,,FG1_CA
0x81432cb5a5fbcc2ad86ec1251effa31c0d32e695,live,,,FG1_CA
0x81c798ea668b6d7e07ea198014265e0c1d64b5a8,live,Vault,v0.4.17+commit.bdeb9e52,FG1_CA
0x825e0adb16124315ed4a0671e8d3af3db22b5715,live,NUXMerkleDistributorWithSwap,v0.6.11+commit.5ef660b1,FG1_CA
0x83651a62b632c261442f396ad7202fe2a4995e3a,live,LittleEthereumDoubler,v0.3.1-2016-04-12-3ad5e82,FG1_CA
0x83c8219d8aee62d84b21d35e5d0b52ccd5300494,live,HumanStandardToken,v0.3.5+commit.5f97274,FG1_CA
0x8400ae7144a10615e32d0a34495593b5ad5e8928,live,,,FG1_CA
0x84208c0bf895352ab781edc52b40265bd8c56dd4,live,,,FG1_CA
0x8567aaa86f03ca55e36e7295c34e260110b1232f,live,,,FG1_CA
0x85e7a45bfff55f8a57acb25095bf59724f748897,Self Destruct,EthDeltaHold,v0.4.25+commit.59dbf8f1,FG1_CA
0x868947dfacd1a9cb51bf2c7e3000434d1634af0b,live,,,FG1_CA
0x86d03cdc7f946d659b1bfcbefd5d5d3311291482,live,,,FG1_CA
0x871ba0125d17d0b56ec24c62c84a4daf1dcbcc8e,live,HumanStandardToken,v0.3.5+commit.5f97274,FG1_CA
0x873093313a47e86dd15e19b179dc140751b46427,live,,,FG1_CA
0x87b0de512502f3e86fd22654b72a640c8e0f59cc,live,Intermediary,v0.4.8+commit.60cc1668,FG1_CA
0x87b4bcdc05dd99d88d5df1670a3f9f9e2433527a,live,,,FG1_CA
0x88037c01990564d74d37ce99c10c9d097ddb713d,live,,,FG1_CA
0x880be824f4f322eecfab0a7b70c975bcd3247b53,live,,,FG1_CA
0x88afd8c2e5a534de5f9fef6afb41af239c25b0bb,live,,,FG1_CA
0x88bcb069c9141aa6a466c17c0a90f736df33fd85,live,DafcoToken,v0.4.24+commit.e67f0147,FG1_CA
0x88c1f5bb6b47b0e8efc85655e247558701c20c77,live,,,FG1_CA
0x89f8df14d6b94052c4ae00b60aced42639fbdbed,Self Destruct,RepoCKS,v0.4.25+commit.59dbf8f1,FG1_CA
0x8a85848d503dfd8817157d90aa27220e3e4cfb67,live,SimpleStorage,v0.3.0-2016-03-30-c2cf806,FG1_CA
0x8b4b5307a97d46c07c4f30e4aafe8c5907a4e856,live,,,FG1_CA
0x8bf5dd07d766929d448cd43237f12e0d1d676ed4,live,,,FG1_CA
0x8c0a728946f356ae8338edfdf2d048129a0e2e7a,live,,,FG1_CA
0x8c3caf7beacb7b5dbb1bd18992dc5a61b594f8fb,live,,,FG1_CA
0x8cd16f8361a4c03cc95f38ed71fcc3218796552d,live,,,FG1_CA
0x8d0c131a206b925e63632c0fd28cc78ad6ff4f34,live,,,FG1_CA
0x8d21398fee362a466c0ae99da91b6831a585a0df,live,,,FG1_CA
0x8d433445ce244e4f5ecbd257f8721b6b7498f905,live,,,FG1_CA
0x8e848dc89e176eca6d3e368697bd8449595a9123,live,,,FG1_CA
0x8ecd7a31aa1df7097dee329a1a999880c4605874,live,,,FG1_CA
0x8ed7d55619b2bcc3e517015e46cca00644ceadf2,live,,,FG1_CA
0x8eddd8d7d916fb2832230e7f33b66f10f9399867,live,,,FG1_CA
0x8f31279e69dbb103423f159dfee25b3cd888a5d7,live,Wallet,v0.3.2-2016-04-18-81ae2a7,FG1_CA
0x8f90d7ea9de8ca770372feec601f6be100058462,live,,,FG1_CA
0x8f9da7734f0740c95288d2ca76090f15f3e0e251,live,,,FG1_CA
0x8fd1c78ed8b3de2a025373b2bbd820c03939f760,Self Destruct,HumpDayMultiPay,v0.4.25+commit.59dbf8f1,FG1_CA
0x907cdb5804c64eeb6dd80e13e00a2e70b16ec02c,live,,,FG1_CA
0x90e00275be7d93a06f9ec6baba55e77066b7e220,live,,,FG1_CA
0x913f86893a83c208b221778c70663908611edb7c,live,,,FG1_CA
0x91de9832c682e351554b83517151356b1e425e5c,live,,,FG1_CA
0x92c44bdc89760021f49d10f396695845590eb0bd,live,Wallet,v0.3.2-2016-04-18-81ae2a7,FG1_CA
0x9328c5cc898572669701f60801affdf822c6a9fe,live,ETHx2,v0.4.18+commit.9cf6e910,FG1_CA
0x9511b95e0626435b4f4d4e04b99fb21434412db0,live,,,FG1_CA
0x954a36b1c1e5e42f884c4f7aa9522e6fd21b11c3,live,Vault,v0.4.10+commit.f0d539ae,FG1_CA
0x955fefc14e6ca327b6dc4c552234c62d8465a2cf,live,,,FG1_CA
0x967601563e18566a8e170833a772a775c7df274d,live,,,FG1_CA
0x968f5d1cf4fb75dd8c2a4ef8ffc701b2e935942b,Self Destruct,MultiPay,v0.4.25+commit.59dbf8f1,FG1_CA
0x96a01b439dfbdd50fda3462abee6f0707ba91b35,live,,,FG1_CA
0x96cd538ff3afde718bb0ddf1ba2390726104d65b,live,,,FG1_CA
0x96f1ca36f1b302924c28fe770bd467aee2bf09d5,live,,,FG1_CA
0x97a1d4a9450b3e92014ca8612b88f4432bfb9f9b,live,,,FG1_CA
0x97afa00f26e66bf96a7338e67ee945d1f3080b78,live,,,FG1_CA
0x9847f923d025729c5eb603c06dc6b9e25e8d8c3e,live,,,FG1_CA
0x99f935d411880dde551a2f5e4001c8114a5db896,live,,,FG1_CA
0x9aa3719c9c20c847616498d1e74c117e735daa17,live,,,FG1_CA
0x9ab2dc218ad4ca5804172626bb7d1e9afaed9c1b,live,,,FG1_CA
0x9b0a5b041cf0a7052d4ca73e191a130b38bcae54,live,,,FG1_CA
0x9b65665413995bd54c8b2de92a631ed28c4d909e,live,,,FG1_CA
0x9bb535b7f0b9e21ce2833c55a8231c9029ee1931,live,,,FG1_CA
0x9bc231233fb9893ac4a171ba572065ac8455bfb5,live,,,FG1_CA
0x9c5c3c2ed41a5ae8457357447012a8ddd5b2b550,live,,,FG1_CA
0x9d3dd65bb54c70f4b1498bada9a14b92e7a93e21,live,WCG,v0.4.25+commit.59dbf8f1,FG1_CA
0x9d527c0aedb2702ec1b394fa46dd2d3653b09808,live,,,FG1_CA
0x9d939c3c5d703d72ffe07c0dabab1995e49f81c6,live,,,FG1_CA
0x9e3f0fc2a9ea1ec8d9e51a7a34c20b777021b030,live,WinToken,v0.4.8+commit.60cc1668,FG1_CA
0x9ebb5857b76cc5ab6097bb2e0b65d6e32f95f770,live,,,FG1_CA
0x9ee08eb9e0e2280797a1784ea400012ae72a0c4f,live,,,FG1_CA
0x9f63a5d92162975a08555f54752503b96277526d,Self Destruct,EthICO,v0.4.25+commit.59dbf8f1,FG1_CA
0x9fbf5d3b362558553e8fde4693717c6f72aa19de,Self Destruct,GCOClaim,v0.4.25+commit.59dbf8f1,FG1_CA
0x9ff21c12d8a4120a60f925769f7e717c68609a29,live,,,FG1_CA
0x9ff86a3639c706dbee44d32f1666c43344e0b92e,live,,,FG1_CA
0xa0a81fd6ddd10068ec8c174238888c74ee710386,live,,,FG1_CA
0xa0ff55d539fb7ef800aa7712d8268e5667ce96dc,live,,,FG1_CA
0xa23fe66e0a14d9e86f4d7a3bd7460ea8bd052ca3,live,,,FG1_CA
0xa26f5ce1c7e71eb670fa609d2e0e0f2aa57c528b,live,,,FG1_CA
0xa32b6fb720fb37191d14ff8e0464bc50ebe304f9,live,,,FG1_CA
0xa3bb323c92cfb1625f71f269e0bca52bef7276a5,live,,,FG1_CA
0xa55e851322e8f272f1db1676ae19cb5711d0fb52,Self Destruct,MultiPly,v0.4.25+commit.59dbf8f1,FG1_CA
0xa63ad5b6c250c4ce8413b6827210f2b1c2feafac,live,,,FG1_CA
0xa64a2f89eb9bb3bf0d506ce225da14c6c85ae9a1,live,,,FG1_CA
0xa66af74089805603cd3830af9f38790ab64b02e3,live,IcoMultiWallet,v0.4.19+commit.c4cbbb05,FG1_CA
0xa6ca526c71759b98827489325bfcfdb7b91732f1,live,,,FG1_CA
0xa6f6b06538348614d98f1c12b6b2becc27886ced,live,,,FG1_CA
0xa78deba860b7838b8b6d542c7958956b57933408,live,,,FG1_CA
0xa79d6b9c152308e3f7df43b37247124055663061,live,enigma,v0.4.25+commit.59dbf8f1,FG1_CA
0xa8e3d37fc7c6a4d1d05fb9f0afbf443bdfb468fa,live,,,FG1_CA
0xa9304fd70f47a36058e6b789650915e78b5e4d77,live,,,FG1_CA
0xaa21c991b3172f9c1fa9e76399fcdde237fd13f0,live,,,FG1_CA
0xaa5af00156d4cc543591843f0894a9eb9046bc78,live,BWSERC20,v0.5.1+commit.c8a2cb62,FG1_CA
0xab242a0e92865e9c757096e7239f8fceb5b6dc60,live,,,FG1_CA
0xabade96a3602603986a9f182244c6b30fb115f30,live,,,FG1_CA
0xabf8a3ab515262fe2b1e2314b45c6d25668455f8,live,,,FG1_CA
0xabff46330bc70e19673b280d2f77f6bbb485f029,live,,,FG1_CA
0xac0377acf8d74b1f76cc896c5f6e7420beb1fea7,live,CryptykICO,v0.4.24+commit.e67f0147,FG1_CA
0xac5a33f720d64310d3668eb9b1b72d2cee3ab139,live,,,FG1_CA
0xacf1260b6566984e33b01ab9bfc1e6f8fdac70de,live,,,FG1_CA
0xad026ad770501280fb4201a1dc8d381d1f1aaa3c,live,RedeemCode,v0.5.16+commit.9c3226ce,FG1_CA
0xad2fbaea01cf9423403a1c620deaa9d7b572816d,live,,,FG1_CA
0xadc1ad3fcef1e13d107f47ff5f06db7307f31b42,live,,,FG1_CA
0xade43d192241812be6b62da85da8644afd02e4bb,live,,,FG1_CA
0xae4fdf5a72c81e9c8b1b05e92764f26c8fe97b00,live,,,FG1_CA
0xaeb038d8caeaf164e0931f64fd039f0b33ad2419,live,,,FG1_CA
0xb055ee6c86b4202c0690723a9b9b47a869ff9d49,Self Destruct,Chuuuttt17,v0.4.25+commit.59dbf8f1,FG1_CA
0xb0ff9104f84d5f6d811739e479e1479de96012a7,live,,,FG1_CA
0xb11b2fed6c9354f7aa2f658d3b4d7b31d8a13b77,live,DepositProxy,v0.4.24+commit.e67f0147,FG1_CA
0xb34aa41593deabb2b17e7507e3e413c58f6e0c71,live,EthPyramid,v0.4.18+commit.9cf6e910,FG1_CA
0xb3552141acbdf44086c5538fba7df3b6530e5a61,live,,,FG1_CA
0xb3c77863dfe740f7e8e028889a675b874d6c71dd,live,,,FG1_CA
0xb41e9260f9d1f2f86ab2018d6b63f757ff1a0c40,live,,,FG1_CA
0xb49180d443dc4ca6028de0031ac09337891fd8ce,live,,,FG1_CA
0xb5319c642453bdea3833751cfed07caa9103678a,live,,,FG1_CA
0xb56809d58e3f60402114399de9d409b1d3df8d09,live,,,FG1_CA
0xb5b8a0fed80719cc3903cd5108e9a513949cfec6,live,,,FG1_CA
0xb5ea4c0f8ef6bbc26ae90b83d369e887ed95c513,live,,,FG1_CA
0xb5f5666f534f4a13d40714494b88f9f74935bddb,live,,,FG1_CA
0xb73b2dfc6d756a8726ad7f5ed713f527ece697b5,Self Destruct,Maths,v0.4.25+commit.59dbf8f1,FG1_CA
0xb799e5b67fa00023b459fcff6d290f2554b8b4a7,live,,,FG1_CA
0xb7d7f0223c2330f09dc8f4fa8b124e9a24593e1b,Self Destruct,JMClaimWallet,v0.4.25+commit.59dbf8f1,FG1_CA
0xb877de24043ef77c207e23a9efa30db3eb45d044,live,,,FG1_CA
0xb88c0c3681c855bbadb19c6a87f0f0df6dbd043f,live,,,FG1_CA
0xb896f2ccde5b91222fe670bca8597c035bfb5a6c,live,,,FG1_CA
0xb9a457d83aa4096890561cd433d3fffc02d1ea46,live,,,FG1_CA
0xba2423f13495a3495a5a2307574ada554e0516e0,live,,,FG1_CA
0xba3048b17d1e8c1412ea29af9af795786065b5f9,live,copypaste,v0.3.1-2016-04-05-12797ed,FG1_CA
0xba851af2e95cee67b1d778b32514b87d73ca830d,live,,,FG1_CA
0xbaa3de6504690efb064420d89e871c27065cdd52,live,VaultProxy,v0.4.23+commit.124ca40d,FG1_CA
0xbbb92f3a89d639d3933c142124e2cb34b299dfbc,live,,,FG1_CA
0xbc3a2d9d5cf09013fb6ed85d97b180eaf76000bd,live,loglibs,v0.4.19+commit.c4cbbb05,FG1_CA
0xbc495b476e22affcb414c72ce0095c134d8dfebe,live,,,FG1_CA
0xbd0265475af115259f76564ec0f8883a06fbd586,live,Aunic,v0.5.1+commit.c8a2cb62,FG1_CA
0xbd9ce8003bee86c0f33ddb5607c6e9407aa89232,live,,,FG1_CA
0xbddf2c47d5efb4054ce0f8018e3caff1a1f4179b,live,AI_on_BlockChain__Execution,v0.5.4+commit.9549d8ff,FG1_CA
0xbe0fe86d03bfa03836dcd00ec24f36964a616d9b,live,,,FG1_CA
0xbe750ee5493be64a1dd973e1f3f3db30d78e2b00,live,,,FG1_CA
0xbebbfe5b549f5db6e6c78ca97cac19d1fb03082c,live,VaultProxy,v0.4.24+commit.e67f0147,FG1_CA
0xbee827b3174926babb163c6f811ac0f175bcc48e,live,,,FG1_CA
0xbf0018706a14f2b574b3d0302f653919a368358c,live,UTO,v0.4.20-nightly.2018.1.29+commit.a668b9de,FG1_CA
0xbf253906272989f49e7617574004d4608355531c,Self Destruct,,,FG1_CA
0xbf582263ea7836e911508c4e332d172971a32c25,live,,,FG1_CA
0xc013a9119b4aaef512b2338026183db9cd0c4029,Self Destruct,testBank,v0.4.11+commit.68ef5810,FG1_CA
0xc03b0dbd201ee426d907e367f996706cf53b8028,Self Destruct,HODLerParadise,v0.4.19+commit.c4cbbb05,FG1_CA
0xc07191a3ba1dac662247ca59ac9b3f5d4be5d36b,live,AI_on_BlockChain__Execution,v0.5.5+commit.47a71e8f,FG1_CA
0xc0c39fac046e7b6b6344f0bddda0687555d173a3,live,,,FG1_CA
0xc0fb96a7b2a7bc56ac03a609196dd49e70967e71,live,,,FG1_CA
0xc21773ab3c3975ee4255afd24f84724b8166e5da,live,ENIGMA,v0.4.20+commit.3155dd80,FG1_CA
0xc25a52168ed8a1c8ceb0035c772ae40cd0a97eef,live,,,FG1_CA
0xc2e3c83ffffbdf0f6bb917412c845eec2676c16d,live,,,FG1_CA
0xc36c861e2447dc2fa1cb80fe7d0829ab39c2cbb9,live,,,FG1_CA
0xc45d1dc345e0fee9f15edb1348a40022ba1d3021,Self Destruct,,,FG1_CA
0xc535ab4d7b235b8fadb96a6c2597f09022518c8e,live,FeeNo,v0.8.4+commit.c7e474f2,FG1_CA
0xc5c5aa3f03523c3e5442cd6bc41076cb194e4d11,Self Destruct,OurRoulette,v0.4.19+commit.c4cbbb05,FG1_CA
0xc602cba93e01f6363efde68dff07ed5bf1c710c5,live,,,FG1_CA
0xc6f2e817f138cfc22a922333851dda2006196493,live,,,FG1_CA
0xc732713144eb34a4b6e802032c9ccebf4f731036,live,BWSERC20,v0.5.1+commit.c8a2cb62,FG1_CA
0xc760d0e3189c5dca03b2fbab297658e547204001,live,,,FG1_CA
0xc7762a3bed2afd8f823694b5c5ec3f17e98e66f8,live,,,FG1_CA
0xc7c40ad438a86d4bdea1f013a1ed8eefa357fbc1,live,,,FG1_CA
0xc7c4ceb7bdfa94ec1389098cf8ab9f7769a20a9f,live,,,FG1_CA
0xc8aaba0ca0bce07f93e2a3ec514fd17d458dc806,live,,,FG1_CA
0xc92cfdee2ff5509e225a686ea3e55e6d066fecff,live,,,FG1_CA
0xc93ceb7045a375559e1f2e822edd744e6f3ea28d,live,,,FG1_CA
0xca6ec8fea6296cc3e5fef464d5ff49ea4c099c43,Self Destruct,HZClaim,v0.4.25+commit.59dbf8f1,FG1_CA
0xcad41f669d2f76871bf7eb847b3e464f228f39f8,live,,,FG1_CA
0xcbe06ca838dc11cde2c86d648b40048db254c81c,live,,,FG1_CA
0xcc372cc7372c2b9f216f492dc2e1f265f9563ca6,live,,,FG1_CA
0xcc6538b1be63179870993c35d72471d732c1f277,live,,,FG1_CA
0xcded5fc57d4ea7e31c4f33ed3afa2b3c091def57,live,,,FG1_CA
0xce0245dea5a864c90193f56c79dd629cae8ee948,live,,,FG1_CA
0xce744291c771efab9f47eb73e055913e795646cc,live,,,FG1_CA
0xceb4c5ceeadb7c047eb7a666b1e0d1fbc7b62b95,live,,,FG1_CA
0xcfebf8c78de81f804a694f4bb401e5d76b298be5,live,RedEnvelope,v0.4.19+commit.c4cbbb05,FG1_CA
0xcfef2ea7fc5ac1ef2348a89bae97007a2f43fc93,live,,,FG1_CA
0xd044e9be41aee87c72e36e63e9fe761ce7d87d77,live,,,FG1_CA
0xd0815c6159df8a8664b813599d3cad8dd4b559f7,live,,,FG1_CA
0xd0886b07cebb09ec678528c929c1b322b8002542,live,,,FG1_CA
0xd0ecba75e5ef3e08950a4f6608565147ca872ff1,live,T_TOTAL,v0.4.23+commit.124ca40d,FG1_CA
0xd0f7f197824469a433b334267441a04fc99a435c,live,,,FG1_CA
0xd17717b79d3a9f68ba15e8735e540a33145c8df8,live,,,FG1_CA
0xd1fe35631fae95d655342e2de2e08c4e1affebfb,live,,,FG1_CA
0xd267942644ed8d50b89df238eaa74593a35db02e,live,,,FG1_CA
0xd2707cea59e2914bfc200d6188233309a6aece02,live,Token,v0.4.24+commit.e67f0147,FG1_CA
0xd2ebde1fb6ac0fb1a6eaa48a5d1a8d894ee13c42,live,,,FG1_CA
0xd31d5130ef81bb8e07644eac5394b391c87f79a6,live,,,FG1_CA
0xd37e1d4509838d65873609158d1471627f697874,live,BuyerFund,v0.4.17+commit.bdeb9e52,FG1_CA
0xd3c5cdd715fa5b6077120d2a1419d9222e303e2d,live,,,FG1_CA
0xd412e11251181d3881b0d78cb9247ea182050ef1,live,,,FG1_CA
0xd42847a669f5f872c32f57c03431063404b783ea,live,,,FG1_CA
0xd42c50dedae71f7ad62e7792e83d7736637689d9,live,Agricoin,v0.4.19+commit.c4cbbb05,FG1_CA
0xd4557aa78a390cadbfe74f3ecfc5ca9b483de5ff,live,,,FG1_CA
0xd480d1b0c9fc9e333f9eeaed1036246614957e34,live,,,FG1_CA
0xd548c3660e42dbaa4683d23bd6f26441d9d626d9,live,,,FG1_CA
0xd86a9244de5643cbe49bedd6b0647e2820e766cf,live,,,FG1_CA
0xdb12ae5ee28777cb2f672f0923b5bfa60432fd4b,live,,,FG1_CA
0xdb44bbcd25bd407f44ecf1288dbc2590c16dd1f6,live,,,FG1_CA
0xdc10c01a5a55afaf9c4ef14cc2f0b4edebea7b4e,live,AI_on_BlockChain__Excution,v0.5.4+commit.9549d8ff,FG1_CA
0xdd8453152095ab3559514a234c2fdd6b67340be9,live,,,FG1_CA
0xdda88ded4ea29db8400d84750af6b54a511cd612,Self Destruct,,,FG1_CA
0xde19a5f82ab8d2fa8c08d79f69356166fab1db6f,live,,,FG1_CA
0xdf3874c766349baa0d47a9dff49719fecdd65f42,live,,,FG1_CA
0xe062fe9305a4696cdc0977ea3d30959f124999f9,live,,,FG1_CA
0xe0d109934663143f69ef0f1edcc12db4039e6374,live,,,FG1_CA
0xe0d9eb6a2addb27b535cea4c0b525088f31aee8d,live,,,FG1_CA
0xe14870e1788abed480ae25fc57d6ec4e0b0a8a1f,live,BWSERC20,v0.5.1+commit.c8a2cb62,FG1_CA
0xe19b50335946da21bee902e8b58f2f0a74b2d864,live,,,FG1_CA
0xe1bf62429e6d20f19353ad8d71c5b174ef90d9b6,live,BitkomToken,v0.4.19+commit.c4cbbb05,FG1_CA
0xe1c208ba3745903463381b0ea3b69be0d188ad44,live,,,FG1_CA
0xe1dddb24bcede3894019f6bbe67afed1465ba7b2,live,eth7,v0.4.25+commit.59dbf8f1,FG1_CA
0xe26755edf74d538b740d92319ca525c58b4f1bcb,live,,,FG1_CA
0xe2ccc4f900bf1d74f76e43e5434c221ecc6a8a52,live,Bounty,v0.4.19+commit.c4cbbb05,FG1_CA
0xe342e78e9c4bdf13a20f52ee2ae7d09dd4e63719,live,,,FG1_CA
0xe45b25cd7de9fa0915106664d8e9a72dc7e04122,live,,,FG1_CA
0xe648ae88a6d9b3373e115e3414be91b7cf12de4c,Self Destruct,Pray4Prey,v0.4.8+commit.60cc1668,FG1_CA
0xe69dfdc50be795e25fe48ba462b13b6730010019,live,,,FG1_CA
0xe898724a0824f071d7effa9ad91aa52b477769df,live,,,FG1_CA
0xe8d37f3e4ea81ab54f707ccb93d2e79c3e28a931,live,,,FG1_CA
0xe915ffcfbc1dd596361579f24b86b9ab93980295,live,,,FG1_CA
0xe99df8ce2a696cd4fa2fb33a1f1164eca8219323,live,,,FG1_CA
0xe9d0b499df35db254c472f5b7868aa45e78a40f3,live,,,FG1_CA
0xea0678e5552bf9979931e49f794c226054b44bef,live,,,FG1_CA
0xeb1906303cf2b6bee32ea7c3b17fbc9bd8b1ed53,live,,,FG1_CA
0xeb1cd1b4c07c0b024326ba9d4f8c7a937c8904d9,live,HumanStandardToken,v0.3.5+commit.5f97274,FG1_CA
0xeb44ac4e00d4150fcfa9d321889396b3295c8650,live,,,FG1_CA
0xeb5d03b0d2a21ac98b6c5d428ed8530847d70bd4,live,,,FG1_CA
0xecd7e4c66daebb1cce377f4d28b490646d69871c,live,,,FG1_CA
0xecf50b59cfb5b9914c4e49fefcb9cc7423dea049,live,,,FG1_CA
0xed4aa5ab6aec77f617a150575ed2db816cd90307,live,,,FG1_CA
0xed8e3ab11371b9597ba4693bb107b09a4f4738b5,live,,,FG1_CA
0xeea73c558ce34738e2977b95d849a8ae39c45c5e,live,,,FG1_CA
0xef2a44e137170c8a77a05910bd3065c79f3823af,live,,,FG1_CA
0xf074a87dccacafe17755190fa42c70ec9d94e580,live,,,FG1_CA
0xf0a600296d5416c2cceee3b279d332dc051a1c5f,live,,,FG1_CA
0xf0f50c3bb22a68b8323832ee4a1ff60b77f7e9b9,live,,,FG1_CA
0xf17340d8c23188f61356cb80c39bb7e1034ae102,live,,,FG1_CA
0xf18af6e44eecbf1d387116abedfaedd1aad2fabc,live,GameofGold,v0.4.21+commit.dfe3193c,FG1_CA
0xf2cd24635420e8e8895dfc75e6d0b0c02a254713,live,Hourglass,v0.4.20+commit.3155dd80,FG1_CA
0xf33e7a9affcbb9316d4f73593b43887b5d5de8b3,live,,,FG1_CA
0xf37f8999c689f8cbf16b1a8ea4677cf129fb2e43,Self Destruct,,,FG1_CA
0xf39d71028a5ef1d1654602d6866cad1cc5e6a483,live,,,FG1_CA
0xf3be10c96a670b15856f33e2558eab79bc94f2e5,live,,,FG1_CA
0xf41315157df6cc134ef623937a4f68d14c69b939,live,,,FG1_CA
0xf566fdb513a19d042e9e1be02860a59a383376c1,live,,,FG1_CA
0xf9fe42060ae6f44eac7e9cb04559db0b85cdd61c,live,,,FG1_CA
0xfaf5c17a22026dc81d3b93d3c32510b23bb407ff,live,,,FG1_CA
0xfc2a0d235dd30913d922edd93e27325d54864a78,live,,,FG1_CA
0xfd4c2b0a6725492aa65026bbe1d43630178f3856,live,,,FG1_CA
0xff366bfe2f7b205550335191a0855fa18ec64350,live,,,FG1_CA
0xff7233727bd9c02c532d67e1566d928a975a7f05,live,,,FG1_CA
0xffc80f7403ff8c1aee200ad110fe0fa28d213445,live,Vault,v0.4.14+commit.c2215d46,FG1_CA
0x000000000000509081d6fcd3ee63e791ad1db763,live,,,BG1_CA
0x00000000006c3852cbef3e08e8df289169ede581,live,Seaport,v0.8.14+commit.80d49f37,BG1_CA
0x00d25ac2553e2bd220c9f61c8191f32d8e66e37e,live,,,BG1_CA
0x030ba42b1405af69d38b9c6f7d71cd83040ed11a,live,,,BG1_CA
0x03f34be1bf910116595db1b11e9d1b2ca5d59659,live,Tokenlon,v0.6.12+commit.27d51765,BG1_CA
0x03f7724180aa6b939894b5ca4314783b0b36b329,live,UniswapV2Router02,v0.6.12+commit.27d51765,BG1_CA
0x046bfc1c560c1911184a0efa48dfe90edec45f75,live,Distributor,v0.4.17+commit.bdeb9e52,BG1_CA
0x048717ea892f23fb0126f00640e2b18072efd9d2,live,Etheroll,v0.4.18+commit.9cf6e910,BG1_CA
0x05215fce25902366480696f38c3093e31dbce69a,live,REV1,v0.4.24-nightly.2018.5.11+commit.43803b1a,BG1_CA
0x05984006707585f66465e8a6505341f46b64fa7a,live,NamCoin,v0.4.18+commit.9cf6e910,BG1_CA
0x05aa2fdf9f58b426b49900834cce0565d88e52eb,live,,,BG1_CA
0x05b6e766f25a436ed5f70e4b320f24ce09d33ab8,live,,,BG1_CA
0x05bc1d3454405d4767960efeb3cec216a0dd15f3,live,POCN,v0.4.23+commit.124ca40d,BG1_CA
0x06012c8cf97bead5deae237070f9587f8e7a266d,live,KittyCore,v0.4.18+commit.9cf6e910,BG1_CA
0x0777f76d195795268388789343068e4fcd286919,live,RarePackFour,v0.4.24+commit.e67f0147,BG1_CA
0x0851185501ba44e84fd8af13ade44846f00890b7,Self Destruct,Pray4Prey,v0.4.8+commit.60cc1668,BG1_CA
0x090b565db171d68dae174ca0f88b203dd51dbaf2,live,,,BG1_CA
0x096be08d7d1caeea6583eab6b75a0f5eaab012a5,live,auction,v0.5.10+commit.5a6ea5b1,BG1_CA
0x09cabec1ead1c0ba254b09efb3ee13841712be14,live,,,BG1_CA
0x0a60c803b23cee13b824bde33ebc89a3eb9287c9,Self Destruct,,,BG1_CA
0x0aacc0b0dbc7a496fded604e9aaf19357f1e65d0,live,UserWallet,v0.4.11+commit.68ef5810,BG1_CA
0x0ad3227eb47597b566ec138b3afd78cfea752de5,live,FoMo3Dshort,v0.4.24+commit.e67f0147,BG1_CA
0x0b3e515cb8b318120c5a126679eb945f2bb2ddea,live,Halo3D,v0.4.21+commit.dfe3193c,BG1_CA
0x0c073c92e7684031cfc297b83ecc33619e864d18,live,XetherGames,v0.5.6+commit.b259423e,BG1_CA
0x0cffb692aa8b94704bc36d03bbb967c11d6c18d6,live,Goldmint,v0.4.16+commit.d7661dd9,BG1_CA
0x0e1bd9fc95bfe0c72275d5bf71427f9d2eb3f4c2,live,,,BG1_CA
0x0f14260bbe72e0992377ece7bc8baf2e8be320b8,live,ShrimpFarmer,v0.4.24+commit.e67f0147,BG1_CA
0x0f26c26318872e8fa85dee5d30cba45ed53b3d3e,live,theultimatepyramid,v0.3.0-2016-03-30-c2cf806,BG1_CA
0x10124ca4a4e8a5908c18abc536c6f828a7efe1ea,live,,,BG1_CA
0x101aabe6fde979951dc8bd07d204ecbaa97f3289,live,,,BG1_CA
0x1054bf40be3e021e26fa5f6d627fe395a3fd3f26,live,PlumberCollector,v0.4.24+commit.e67f0147,BG1_CA
0x11111112542d85b3ef69ae05771c2dccff4faa26,live,AggregationRouterV3,v0.6.12+commit.27d51765,BG1_CA
0x1111111254fb6c44bac0bed2854e76f90643097d,live,AggregationRouterV4,v0.7.6+commit.7338295f,BG1_CA
0x118db86f704b7efa890868f8f94d21fc721664ec,live,,,BG1_CA
0x11d0b2243739656f54c0277ed0eecde46658a537,live,,,BG1_CA
0x129acbb3ad1a3ad13fec0fc7ca26811a487e14c9,live,Crowdsale,v0.4.19-nightly.2017.10.29+commit.eb140bc6,BG1_CA
0x12d66f87a04a9e220743712ce6d9bb1b5616b8fc,live,,,BG1_CA
0x13b6be927937bf0f95b8184f435bd9b479d4669e,live,,,BG1_CA
0x13b9d394dadfe0626a02ef023433914ba2ae08fb,live,UserWallet,v0.4.11+commit.68ef5810,BG1_CA
0x14497679547acfd9e7fe140fabefe77f9161f882,live,Proxy,v0.4.24+commit.e67f0147,BG1_CA
0x14580a944246339d9151ab4e22458b3ab926438b,live,,,BG1_CA
0x14cf6193935b17fc72649ba420fdd5bfdf1f0001,live,OpenLongevityPresale,v0.4.14+commit.c2215d46,BG1_CA
0x150f94b44927f078737562f0fcf3c95c01cc2376,live,RouterETH,v0.7.6+commit.7338295f,BG1_CA
0x167cb3f2446f829eb327344b66e271d1a7efec9a,live,,GandhiJi,BG1_CA
0x1720d3a3984c75e6514316c5aec903651e4abe28,live,Shopverse,v0.8.10+commit.fc410830,BG1_CA
0x1736ac66fe33030fe27805af041789ec2fde9925,live,EthBattle,v0.4.25+commit.59dbf8f1,BG1_CA
0x1818409ff612a6d574ca979904396bb4b8ea6d51,live,NewTokenSale,v0.4.19+commit.c4cbbb05,BG1_CA
0x181affba8ef5233c5a1a07e09246ccb47dc8516c,live,,,BG1_CA
0x1a2a1c938ce3ec39b6d47113c7955baa9dd454f2,live,MainchainGatewayProxy,v0.5.17+commit.d19bba13,BG1_CA
0x1b36ef22f13c564cee79d464dc03861f67e6cb40,live,,,BG1_CA
0x1d4f123bda7614084094f75ac13fb217222c737b,live,XetherToken,v0.5.6+commit.b259423e,BG1_CA
0x1d968ef5f8b3d53fbe2980590e94c8901a8421a1,live,Contract,v0.4.25-nightly.2018.5.30+commit.3f3d6df2,BG1_CA
0x1d979bd0b663040f2fe8a9854a8569919ae153ac,live,slot,v0.4.9+commit.364da425,BG1_CA
0x1d9fe29aec8852d7a32ac26b695c258840feba15,live,InterestFinal,v0.4.17+commit.bdeb9e52,BG1_CA
0x1de23f02e185fdc4f6bacc98d6c6419370e38538,live,,,BG1_CA
0x1e6dbfae0a38abf4795c34540a347b8ecbecc3d8,live,,,BG1_CA
0x1ebb218415b1f70aeff54041c743082f183318ce,live,WhalesGame,v0.8.10+commit.fc410830,BG1_CA
0x1f2ca5623db46b2ecc693011eef8506e80f4328e,live,CloversController,v0.4.24+commit.e67f0147,BG1_CA
0x2012e4d6f782a201ebc668da3c8bb479e28910c2,live,,,BG1_CA
0x2040bff3f84412ebd9df56bc214df3fbd2ef035f,live,Wallet,v0.3.2-2016-04-18-81ae2a7,BG1_CA
0x21feda639f23647ac4066f25caaaa4fadb9eb595,live,ICOWallet,v0.4.13+commit.fb4cb1a,BG1_CA
0x23533985559ffaa8dd713de9088df168cbab80d5,live,,,BG1_CA
0x237d43f6218c4e5680119c0be95aaa6e19f50528,live,EthPyramid,v0.4.20-nightly.2018.1.29+commit.a668b9de,BG1_CA
0x23a8939f3af99c286a3890b02452e82c0bed38a1,live,ProductionUnitToken,v0.4.20+commit.3155dd80,BG1_CA
0x243ab5b6f686de1c85174a011880f8299f53b894,live,,,BG1_CA
0x24a7121ded3f47d90aba2a84ff1fb246a969b0b8,live,,,BG1_CA
0x24e2b1d415e6e0d04042eaa45dc2a08fc33ca6cd,live,Trade,v0.4.20+commit.3155dd80,BG1_CA
0x25b7dbaf654718171892f39357af75e060b2db5b,Self Destruct,Blockjack,v0.4.8+commit.60cc1668,BG1_CA
0x2601e7f93243b660e3a51c34d2575bc065338af0,live,,,BG1_CA
0x26734b13f46d27ae258d04533e52428334fca2a3,live,,,BG1_CA
0x26b5962250b779ab0f33970738a46fcfb00a70b9,Self Destruct,NewLottery,v0.4.23+commit.124ca40d,BG1_CA
0x2763128f58baebe3db3600f4c949d7128dc930e8,live,,,BG1_CA
0x27f8493696a224c40af66b745062c77e2b474671,live,ProofOfBitConnect,v0.4.23+commit.124ca40d,BG1_CA
0x280fb21dc0ef4d761ac5df284306f52bd09aa07b,live,,,BG1_CA
0x283af0b28c62c092c9727f1ee09c02ca627eb7f5,live,,ETHRegistrarController,BG1_CA
0x294308484f47ff5a833a284ac6949eb02728fbe4,live,ShinySquirrels,v0.3.1-2016-04-12-3ad5e82,BG1_CA
0x29880855d419c6fa0e8c7fdfd985c80f286d914e,live,DadiPublicSale,v0.4.18+commit.9cf6e910,BG1_CA
0x2992cfef496b9080b303cc4ac6ba114126253ff7,live,PowhCoin3,v0.4.18+commit.9cf6e910,BG1_CA
0x2a0c0dbecc7e4d658f48e01e3fa353f44050c208,live,,Exchange,BG1_CA
0x2a131d68ab643bed396c8ed03876587a1643724c,live,,,BG1_CA
0x2a1dbabe65c595b0022e75208c34014139d5d357,live,TrustedhealthToken,v0.4.21+commit.dfe3193c,BG1_CA
0x2b2e8cda09bba9660dca5cb6233787738ad68329,live,LSSVMRouter,v0.8.13+commit.abaa5c0e,BG1_CA
0x2b78a837c37549539c62ab54a235a8e19fea812f,live,CentWallet,v0.4.25+commit.59dbf8f1,BG1_CA
0x2c2e3baa2191cf325a28a01ff42340f2ae677572,live,Matching_Finneys,v0.3.1-2016-03-31-c67926c,BG1_CA
0x2c4bd064b998838076fa341a83d007fc2fa50957,live,,,BG1_CA
0x2cc1060de78aa44e3e6a86102fac93f1de49adb2,live,UbexCrowdsale,v0.4.23+commit.124ca40d,BG1_CA
0x2cfc06b1ec0735bd7ef00b211764cc7e06e9456a,live,PublicSale,v0.4.24+commit.e67f0147,BG1_CA
0x2e8a97c62cc644adcd108b9bebcb9b32c9c58a1c,live,EternalStorageProxy,v0.4.24+commit.e67f0147,BG1_CA
0x2f846758e479ee7e0bd87cea5b9f8f3e314c6bd9,live,FixBet76,v0.4.21+commit.dfe3193c,BG1_CA
0x301980e0b9f7352ccba1167cde48c5494dc85756,live,Contract,v0.4.25+commit.59dbf8f1,BG1_CA
0x301e2da5da192292c7b54a3a0c70768252827045,live,Forwarder,v0.4.16-nightly.2017.8.11+commit.c84de7fa,BG1_CA
0x3137e47a9fcb75fe558688b9d22581fb580dcd4a,live,,,BG1_CA
0x31456849348d4231fcf9b8f66bedffaf0d1c4e99,live,Contract,v0.4.25+commit.59dbf8f1,BG1_CA
0x315a48630034800d0f34f4aeda608fbd9ebb3315,live,BatchAuction,v0.6.12+commit.27d51765,BG1_CA
0x324c7ec7fb2bc61646ac2f22f6d06ab29b6c87a3,live,BridgeDeposit,v0.7.3+commit.9bfce1f6,BG1_CA
0x326cfa9dfa34bb7c39603b94ca000c4c458d2367,live,,,BG1_CA
0x32e07d499ab551978f97b41d9001571bcf8c7240,live,,,BG1_CA
0x330f0ecdfb51fbe6e191361e2288aee827beea8f,live,,,BG1_CA
0x3324761b8d99a8e69b7b7d23f6da57b5dd8c4229,live,,,BG1_CA
0x33a683a7af55942220e4efec514da11b5dc47996,live,LastIsMe,v0.3.1-2016-04-12-3ad5e82,BG1_CA
0x33c0d33a0d4312562ad622f91d12b0ac47366ee1,live,AdminUpgradeabilityProxy,v0.5.3+commit.10d17f24,BG1_CA
0x3448adda11ea5d8919bb8a9541d941e9046f5d99,live,,,BG1_CA
0x35e44051799bd7cea091c4fad2cba9b37e364c5b,live,myPreICO,v0.4.24+commit.e67f0147,BG1_CA
0x375ea781c49eafedde07afe6196f885761f166ae,live,CryptoTrunks,v0.6.6+commit.6c089d02,BG1_CA
0x379e2768e0631493dfcc9a560171e66f93cbcc69,live,NeuroDAO,v0.4.11+commit.68ef5810,BG1_CA
0x38dc7c63c32c1e919d03f81d7e5b7e3cd3196e2d,live,,,BG1_CA
0x38ff96eec0a5d05fcfcb646f4019fb093d0831b4,live,,,BG1_CA
0x392052c85c140ec7734f02b9e27415cfadd18b7b,live,,,BG1_CA
0x393709845c63b7ac16ea60b6cda230a53693f2f4,live,MallcoinCrowdSale,v0.4.20+commit.3155dd80,BG1_CA
0x3945cb1cbcaa29cb713c6c497f34fa69d6445e7d,live,Proxy,v0.4.24+commit.e67f0147,BG1_CA
0x39ecb4b2dc0a901a110adb0f8a5a54357558f731,live,Forwarder,v0.4.16-nightly.2017.8.11+commit.c84de7fa,BG1_CA
0x39ffccecc551f35f8dfcb52c8c01060919aed1ea,live,FoMo3DUnlimited,v0.4.24+commit.e67f0147,BG1_CA
0x3a3548e060be10c2614d0a4cb0c03cc9093fd799,live,TransparentUpgradeableProxy,v0.8.2+commit.661d1103,BG1_CA
0x3aa5fa4fbf18d19548680a5f2bba061b18fed26b,live,KickicoCrowdsale,v0.4.16+commit.d7661dd9,BG1_CA
0x3cd0c444137bac6996f262f92d1b79d6e8ad85b8,live,Distributor,v0.4.17+commit.bdeb9e52,BG1_CA
0x3cd4351f3c962f871024efef2922ae39896e4761,live,,,BG1_CA
0x3e66b66fd1d0b02fda6c811da9e0547970db2f21,live,ExchangeProxy,v0.5.12+commit.7709ece9,BG1_CA
0x3e796fcffd37acf1d3113159544c32386cdff34d,live,DSProxy,v0.4.23+commit.124ca40d,BG1_CA
0x3e84512f277a5081b9209831c51bce665035d9db,Self Destruct,TheGame,v0.3.1-2016-04-07-054bc2a,BG1_CA
0x3ea6ae92cc89ceae18e4e4ec28fdf950003011e0,live,,,BG1_CA
0x3fc09ff5239c317acaa88658ceb68cc24728bc93,live,QuickRoi,v0.4.25+commit.59dbf8f1,BG1_CA
0x3fcb2d173389b7cd8079ef8b439dbd92e7e0ae28,live,,,BG1_CA
0x40d612fe5ebef1a539e5b4a6bfcab8d09aee223f,live,POTJ,v0.4.23+commit.124ca40d,BG1_CA
0x410cac201ffc0e0e4c179d926076d25bf8bc5b92,live,EthPyramid2,v0.4.19+commit.c4cbbb05,BG1_CA
0x41a5cde849c3e5167db69934811958c2d36d323a,live,EthDickMeasuringContest,v0.4.19+commit.c4cbbb05,BG1_CA
0x41ec0ddb4e3a17e9b0a6bae7d90f2d389aaf7dee,live,,,BG1_CA
0x421b74c4ffd445b5a7f45748c876ea0622ad06d7,live,,,BG1_CA
0x422f8015c5d8168edee923749701360a8a4d0703,live,fresh,v0.3.1-2016-04-12-3ad5e82,BG1_CA
0x425372c0ac9d559a186a08a3854e0ddea1a00d5c,live,,,BG1_CA
0x43aa26d63e1b245e940ffdf8e394a229069639df,live,Saturn,v0.4.24+commit.e67f0147,BG1_CA
0x43c92b9c45f066e9696749fd08b0243461d0173a,live,,,BG1_CA
0x46248a82ee39795c239049ed8eed78d305d4205c,live,Exchange,v0.4.24+commit.e67f0147,BG1_CA
0x469503159ddf6bfd0a9ec8eba8e97a84fd3eae5b,live,BulkSender,v0.5.11+commit.c082d0b4,BG1_CA
0x47ce0c6ed5b0ce3d3a51fdb1c52dc66a7c3c2936,live,,,BG1_CA
0x47cfc7a61e43d7b016c54c9c6d424b91c44d643c,live,Forwarder,v0.4.16-nightly.2017.8.11+commit.c84de7fa,BG1_CA
0x48355ce6ba377d06335be9499feaf735948484bc,live,BEANS_DWTD,v0.8.7+commit.e28d00a7,BG1_CA
0x489c829a9daa1ac5fea588fccb80083e92b78e1d,Self Destruct,,,BG1_CA
0x48ca90ef9eeda382ef9a67c100923d4017f15836,live,,,BG1_CA
0x4a3232cde9670e5214f6864089b70f7426729dc8,live,Fomo5k,v0.4.25+commit.59dbf8f1,BG1_CA
0x4a8d3a662e0fd6a8bd39ed0f91e4c1b729c81a38,Self Destruct,HODLWallet,v0.4.21+commit.dfe3193c,BG1_CA
0x4ab540e5aa7f304c5f67ac1cdef9a010d017781c,live,PublicSale,v0.5.0+commit.1d4f565a,BG1_CA
0x4b17c05fc1566891e5a9220d22527b5aeab0e1d0,live,microICO,v0.4.24+commit.e67f0147,BG1_CA
0x4b67be266d81bf5cee60fc12b3bded87fcdac783,live,,,BG1_CA
0x4c29d75cc423e8adaa3839892feb66977e295829,live,POOH,v0.4.21+commit.dfe3193c,BG1_CA
0x4d3ddfee61326469a1b353920a313f226ea84314,live,Aracle,v0.4.25-nightly.2018.5.23+commit.18c651b7,BG1_CA
0x4d6ec066345e3466d9e970caad4732983ae4bc2c,live,NicknameRegistrar,v0.4.24+commit.e67f0147,BG1_CA
0x4dbd4fc535ac27206064b68ffcf827b0a60bab3f,live,TransparentUpgradeableProxy,v0.6.11+commit.5ef660b1,BG1_CA
0x4ddc2d193948926d02f9b1fe9e1daa0718270ed5,live,,CEther,BG1_CA
0x4e646a576917a6a47d5b0896c3e207693870869d,live,Dice,v0.4.6+commit.2dabbdf0,BG1_CA
0x4f924bee428ab4e14fa360133461bb22e8b28507,live,Contract,v0.4.24+commit.e67f0147,BG1_CA
0x4fdb91dbce6cee2e08cf85d26eaa3e9bca0c12fe,live,UnicornBreeding,v0.4.21+commit.dfe3193c,BG1_CA
0x51a5271ec514c3065d9de2d8e95051989f7d53ab,live,FoMo3Dlong,v0.4.24+commit.e67f0147,BG1_CA
0x52a88cf08aa7850587ae4d3291dc93f43cca4561,live,q_games,v0.4.25+commit.59dbf8f1,BG1_CA
0x52af063278c6489a9def8b27615fa813797cded1,live,,,BG1_CA
0x52de8d3febd3a06d3c627f59d56e6892b80dcf12,live,,,BG1_CA
0x52ec2f3d7c5977a8e558c8d9c6000b615098e8fc,live,TeleportrDeposit,v0.8.9+commit.e5eed63a,BG1_CA
0x5427fefa711eff984124bfbb1ab6fbf5e3da1820,live,Bridge,v0.8.9+commit.e5eed63a,BG1_CA
0x54b0de285c15d27b0daa687bcbf40cea68b2807f,live,Vault,v0.4.21+commit.dfe3193c,BG1_CA
0x54d17484d0db8cd36bb68c97f8ab52e0438ac413,live,Forwarder,v0.4.16-nightly.2017.8.11+commit.c84de7fa,BG1_CA
0x54d1b5ba2c2a696fb4735b75705eececbdcdc0e6,live,,,BG1_CA
0x554bb05483601093bf2e60a3492f4e5438e0c6a7,live,,,BG1_CA
0x555eedd21fbef9789ad25a531e342df0d020d98d,live,InvestyPresale,v0.4.16+commit.d7661dd9,BG1_CA
0x5585f99a9af13b73a6210ea9c8ca98b69f4a4b31,live,PlumberCollector,v0.4.24+commit.e67f0147,BG1_CA
0x57b116da40f21f91aec57329ecb763d29c1b2355,live,Goo,v0.4.21+commit.dfe3193c,BG1_CA
0x57d02550f47dd932d2fb84e0aa883c9d8d53c313,live,,,BG1_CA
0x584805f31773ad1e1fb39c6629aa852c06300453,live,,,BG1_CA
0x5980d3848e49d490afdb3f6b6d564104248ada4d,live,Contest,v0.4.8+commit.60cc1668,BG1_CA
0x5983f1eb0508190e821e380a8ed273725f5d927c,live,CryptoAngelCrowdsale,v0.4.19-nightly.2017.10.18+commit.f7ca2421,BG1_CA
0x5a2af9d2e16a08aaa25a96f307c689ae07ca1a63,live,Contest,v0.4.8+commit.60cc1668,BG1_CA
0x5a8e329b223fbab183e09fd33c44b6da4f436bbd,live,EthPyramid,v0.4.20-nightly.2018.1.29+commit.a668b9de,BG1_CA
0x5aa9ec79407fdd870b05e38a3aed639ed8b2fae1,live,,,BG1_CA
0x5b8ad60798ec10ad36e52625ff881801240c491a,live,P4,v0.4.24+commit.e67f0147,BG1_CA
0x5bc9845fa1fd30b4edcc468c0fe219c9030000d4,live,PositionTokenV2,v0.5.8+commit.23d335f2,BG1_CA
0x5c578a084dc31d000cf1db576cdf023e0a67ed27,live,UserWallet,v0.4.11+commit.68ef5810,BG1_CA
0x5cee173ee3a9568a4d66d882d78fdf5724251e82,Self Destruct,EtherHiLo,v0.4.19+commit.c4cbbb05,BG1_CA
0x5d4cbcd30515d78370f35c5e45427dd576922225,live,RigIdle,v0.4.21+commit.dfe3193c,BG1_CA
0x5d9b8fa00c16bcafae47deed872e919c8f6535bf,live,LastIsMe,v0.3.2-2016-05-01-bee80f1,BG1_CA
0x5df4bea3540899a33c76c4d25108f4fe2ca89044,live,RPS,v0.4.11+commit.68ef5810,BG1_CA
0x5f2a09249a8cabcb8279f6f96c9cd1ad8b3f2e81,live,MorphToken,v0.4.24+commit.e67f0147,BG1_CA
0x5f742383b6d1298980030d6af943b76cdd902143,live,CompetitionStore,v0.4.4+commit.4633f3de,BG1_CA
0x5fc4cf136a39a28ac4a83bc064f72e5ab8f32033,live,,,BG1_CA
0x5fdcca53617f4d2b9134b29090c87d01058e27e9,live,,Proxy,BG1_CA
0x60268bb991b92a9835e85a651d44adf21e485c9a,live,Contract,v0.4.25-nightly.2018.5.30+commit.3f3d6df2,BG1_CA
0x6090a6e47849629b7245dfa1ca21d94cd15878ef,live,Registrar,v0.4.10+commit.f0d539ae,BG1_CA
0x60aa80fe41b43c180870a137c7a87334e5c3cb5d,live,Dice,v0.3.5-2016-07-01-48238c9,BG1_CA
0x62190802001819f42cb2eda7017d3c617af431c1,live,INTIME,v0.4.24+commit.e67f0147,BG1_CA
0x63a993502e74828ddba5710327afc6dc78d661b2,live,,ForceBridge,BG1_CA
0x6430d5db3882cc684b3eb1074c8715c825f4487e,live,UserWallet,v0.4.25+commit.59dbf8f1,BG1_CA
0x646231b7ea1ee47876dac12578980b05abab1fc3,live,,,BG1_CA
0x66656bff674879b76ccd561f61fc716e54aa6668,live,ProductionUnitToken,v0.4.20+commit.3155dd80,BG1_CA
0x66bb787d5ae1e6d9bcfcffdceec9becc24d19c1e,Self Destruct,,,BG1_CA
0x67a5de922c1f4d1a4dbd848466b86b5455fb6a3b,live,,,BG1_CA
0x680a09ec5a6a33c8cdf7e8b37e8d8472d6988eb9,live,,,BG1_CA
0x685f1d93d7dae1f9843a478b90b1701e5d7ebbae,live,ShadowSpike,v0.4.18+commit.9cf6e910,BG1_CA
0x68b3465833fb72a70ecdf485e0e4c7bd8665fc45,live,SwapRouter02,v0.7.6+commit.7338295f,BG1_CA
0x68b8fc3f197467ceee4669cc532f71dbe8a180e4,live,,,BG1_CA
0x68c5b928f385e2e978c935086837363391a8d053,live,,,BG1_CA
0x6acd16200a2a046bf207d1b263202ec1a75a7d51,live,dappVolumeHearts,v0.4.24+commit.e67f0147,BG1_CA
0x6b03b7344bae935404a4d3de96bd384b6b63f128,live,,,BG1_CA
0x6b62f10b1d042d3ed601899ca25f80f9dbc92644,live,TwoCoinsOneMoonGame,v0.4.24+commit.e67f0147,BG1_CA
0x6bc98381ffb3fb92d4cf17c1f9d43a6e285b3585,live,,,BG1_CA
0x6bfad42cfc4efc96f529d786d643ff4a8b89fa52,live,,EthCustodian,BG1_CA
0x6ce76cf3ec1a0b06c18dabf331d70ed210ff2307,live,,,BG1_CA
0x6ddcb2d0e3a2d8a41a1517802f4bbcdd0dc48754,live,,,BG1_CA
0x6e3990c89bd13397f3c080500805863275cc85ec,live,POSV,v0.4.23+commit.124ca40d,BG1_CA
0x6eb89b30c7d97dc1171f0614fc885f936ea25c64,live,,,BG1_CA
0x6f89544bc460f15315086f411b9c1fe5c8cfb1f1,live,Crowdsale,v0.4.23+commit.124ca40d,BG1_CA
0x700be3c6d4f7694833358bba49e78a02b9bea5a7,live,Forwarder,v0.4.16-nightly.2017.8.11+commit.c84de7fa,BG1_CA
0x71a467c48b9c424d8b23d3b85de4dd7addf84fe8,live,,,BG1_CA
0x71c2683152b632fa1d515a3df067825e2b240216,live,KICKICOCrowdsale,v0.4.13+commit.fb4cb1a,BG1_CA
0x722122df12d4e14e13ac3b6895a86e84145b6967,live,TornadoProxy,v0.6.12+commit.27d51765,BG1_CA
0x72ce9c846789fdb6fc1f34ac4ad25dd9ef7031ef,live,TransparentUpgradeableProxy,v0.6.11+commit.5ef660b1,BG1_CA
0x73168661d8e531a8b4fe7f1e3e349778660a7f28,live,Editions,v0.8.10+commit.fc410830,BG1_CA
0x73282a63f0e3d7e9604575420f777361eca3c86a,live,AdminUpgradeabilityProxy,v0.5.3+commit.10d17f24,BG1_CA
0x73e7a21d903107203cc809e7eed014d7d8cf618e,live,PublicSale,v0.4.24+commit.e67f0147,BG1_CA
0x750241c16c9fb878a7afd2b07b80f53e02c3f634,live,quick2,v0.3.1-2016-04-07-054bc2a,BG1_CA
0x761b39d1334576fb4d39a4f9445c766d74fa336a,live,,,BG1_CA
0x767b8c6fb76db2e2a547819ba7afd2006d3de6b2,live,ProfitLineInc,v0.4.25+commit.59dbf8f1,BG1_CA
0x7744bb628f1cee71ea796a80c7c2630260a67e6a,live,,,BG1_CA
0x78b7fada55a64dd895d8c8c35779dd8b67fa8a05,live,ATL,v0.4.16+commit.d7661dd9,BG1_CA
0x78f6a1d4b94d2e6c4ce3c5cc858b9dfb6e98b50f,live,Dice,v0.3.5-2016-07-01-48238c9,BG1_CA
0x79cecd9798ff404d84273aa3e01c286f2c89fb12,live,,,BG1_CA
0x7a250d5630b4cf539739df2c5dacb4c659f2488d,live,UniswapV2Router02,v0.6.6+commit.6c089d02,BG1_CA
0x7a6a322aa8d8697dc3b3acfdb1ef5c802518d62c,live,BebBank,v0.4.24+commit.e67f0147,BG1_CA
0x7be8076f4ea4a4ad08075c2508e481d6c946d12b,live,WyvernExchange,v0.4.23+commit.124ca40d,BG1_CA
0x7beeeff66004ee42df093d3cebb3da39951b4e6d,live,MetaVax,v0.8.7+commit.e28d00a7,BG1_CA
0x7dd53b240919a4936992eaaaa6a59c97976a4a87,live,POBS,v0.4.23+commit.124ca40d,BG1_CA
0x7ddc1cb1b4326b3278e8cf90cdb9e2f57318eead,live,,,BG1_CA
0x7ef865963d3a005670b8f8df6aed23e456fa75e0,live,TransparentUpgradeableProxy,v0.8.2+commit.661d1103,BG1_CA
0x7f0fd8fa402d56dca1f4baa9bf3880721c274d53,live,Dice,v0.3.1-2016-03-31-c492d9b,BG1_CA
0x7f268357a8c2552623316e2562d90e642bb538e5,live,WyvernExchangeWithBulkCancellations,v0.4.26+commit.4563c3fc,BG1_CA
0x7f6eac2ea38284645795996b11f9bf227cf9551d,live,CryptoTask,v0.4.19+commit.c4cbbb05,BG1_CA
0x81190d066c1cca9a778a41703c9c7f6c506629d1,live,EthDickMeasuringGamev3,v0.4.19+commit.c4cbbb05,BG1_CA
0x8139cc3915729174b509083c1e12ff32a60bfa10,live,,,BG1_CA
0x815bde5591933ad1b025b6a34462d7ec02c71710,live,MultiSigWallet,v0.4.19+commit.c4cbbb05,BG1_CA
0x8189eb9370ceee0b98d83cc9bd152f98991122e3,live,Cryptoman,v0.5.11+commit.c082d0b4,BG1_CA
0x818e6fecd516ecc3849daf6845e3ec868087b755,live,KyberNetworkProxy,v0.4.18+commit.9cf6e910,BG1_CA
0x82a690a072cc9e5b9d3219f024204809f83f8154,live,ProductionUnitToken,v0.4.20+commit.3155dd80,BG1_CA
0x83c8f28c26bf6aaca652df1dbbe0e1b56f8baba2,live,GemSwap,v0.8.11+commit.d7f03943,BG1_CA
0x85b965eb4cf0b7c58e6d00e181fa179102f01e2c,live,,,BG1_CA
0x8731d54e9d02c286767d56ac03e8037c07e01e98,live,Router,v0.7.6+commit.7338295f,BG1_CA
0x879e3f6a4c74ba61daeb553d40e48617bd3f63a9,live,Contract,v0.4.25+commit.59dbf8f1,BG1_CA
0x87ed87a34adc1ecc62232f248d74fe1f81e5da68,live,Woyager,v0.4.24+commit.e67f0147,BG1_CA
0x881d40237659c251811cec9c364ef91dc08d300c,live,,,BG1_CA
0x881f21d3e2d2d4f48d815f41bea8dbdcf0e24e50,live,DepositVault,v0.4.18+commit.9cf6e910,BG1_CA
0x89dd662cc0651a6f3631a617724525f2ff373b1e,live,Contribution,v0.4.18+commit.9cf6e910,BG1_CA
0x8b353021189375591723e7384262f45709a3c3dc,live,TomoCoin,v0.4.19+commit.c4cbbb05,BG1_CA
0x8d12a197cb00d4747a1fe03395095ce2a5cc6819,live,,EtherDelta,BG1_CA
0x8dd9034f7ccc805bdc4d593a01f6a2e2eb94a67a,live,ICO,v0.4.21+commit.dfe3193c,BG1_CA
0x8f8738bb17bf9f0251389bcec6fec4a9cb4f49b3,live,ShadowPeak,v0.4.18+commit.9cf6e910,BG1_CA
0x906b5648c077b2472057a5263c67826767fc2276,live,,,BG1_CA
0x91468d66edb1367ff6537ed9705f3c288933c5ab,live,,,BG1_CA
0x9214ec02cb71cba0ada6896b8da260736a67ab10,live,REAL,v0.4.11+commit.68ef5810,BG1_CA
0x9284c4b9da2c97d63bdb930aaa8eb751299fc8d4,Self Destruct,EightStakes,v0.4.18+commit.9cf6e910,BG1_CA
0x92ce1aa675e53f6c1b5097577faef8bb26e94954,live,,,BG1_CA
0x94603d4a41856bccb75cc3603af19fc161a7b6b6,live,RfsCoin,v0.4.18+commit.9cf6e910,BG1_CA
0x94cac9b8a8e597e5a934b91c0e5a06fe863bde13,live,CryptoColors,v0.4.18+commit.9cf6e910,BG1_CA
0x95dc2651987e6acce7364fc9a8d612f273220a77,live,,,BG1_CA
0x964f35fae36d75b1e72770e244f6595b68508cf5,live,KyberNetwork,v0.4.18+commit.9cf6e910,BG1_CA
0x96cfa408ca039d9afea0b8227be741ef52e8a037,live,O3SwapETHUniswapBridge,v0.6.12+commit.27d51765,BG1_CA
0x9757f2d2b135150bbeb65308d4a91804107cd8d6,live,TransparentUpgradeableProxy,v0.8.2+commit.661d1103,BG1_CA
0x98f0485cdd22710a9a923e616567eadfe62e258e,Self Destruct,TradeFinancing,v0.3.6+commit.3fc68da,BG1_CA
0x99a923b8f3a4e41740e3f8947fd7be6aa736d8a6,live,E2X,v0.5.10+commit.5a6ea5b1,BG1_CA
0x9ae1d7f420c4db238a0c2ed2f8fdbde527f1526a,live,,,BG1_CA
0x9e4ad79049282f942c1b4c9b418f0357a0637017,live,Noxon,v0.4.17+commit.bdeb9e52,BG1_CA
0x9e89760ac2f33ba684f494742af312801e75064c,live,Contract,v0.4.25+commit.59dbf8f1,BG1_CA
0x9f4fd6c336388f2ab7dc7bbe4740ae7b88b880d7,live,PonziToken,v0.4.18+commit.9cf6e910,BG1_CA
0x9fb789797b08c2fac01e98a92a883f5c9fe1e377,live,RAREROSES721A,v0.8.15+commit.e14f2714,BG1_CA
0xa03b5ea89ede664ccb3b4a49c5b25f6a4658e174,Self Destruct,DragonKing,v0.4.21+commit.dfe3193c,BG1_CA
0xa0c68c638235ee32657e8f720a23cec1bfc77c77,live,RootChainManagerProxy,v0.6.6+commit.6c089d02,BG1_CA
0xa1c1fd0a21b2e43a61ce0d3f6a0195ef1e24b68f,Self Destruct,,,BG1_CA
0xa1cc175fa82d213424a25cf8af14704f62fa5eeb,live,,,BG1_CA
0xa25560d083fe0ea3e303c11577b5a345b236fac7,live,EasyInvest10,v0.4.24+commit.e67f0147,BG1_CA
0xa2d4035389aae620e36bd828144b2015564c2702,live,Wallet,v0.3.2+commit.81ae2a7,BG1_CA
0xa2ed452396e3afd966a0337c5186456d0dc67bfa,live,STQPreICO,v0.4.15+commit.bbb8e64f,BG1_CA
0xa315bd2e3227c2ab71f1350644b01757eaff9cb4,live,CryptoHands,v0.5.7+commit.6da8b019,BG1_CA
0xa33c4a314faa9684eeffa6ba334688001ea99bbc,live,Phoenix,v0.4.18+commit.9cf6e910,BG1_CA
0xa3d4d7df3988d48c48728787cb5910a8a4cc4d26,live,Etheropt,v0.3.0-2016-03-18-e759a24,BG1_CA
0xa43aa332c29b25b15d7aa91ff79e3603f2393509,live,Contract,v0.4.24+commit.e67f0147,BG1_CA
0xa4803f17607b7cdc3dc579083d9a14089e87502b,live,Lockdrop,v0.5.15+commit.6a57276f,BG1_CA
0xa5fd9078ab76f6f56b5f69435f0f008e5a7bddc7,live,RougeTGE,v0.4.24+commit.e67f0147,BG1_CA
0xa62142888aba8370742be823c1782d17a0389da1,live,,FoMo3Dlong,BG1_CA
0xa798760a5821ad53484d85b0e869292e0ee9d7a4,live,UserWallet,v0.4.11+commit.68ef5810,BG1_CA
0xa7a6e9f4249f564f2bc46a2a73f09aca8c957efb,live,Contract,v0.4.25-nightly.2018.5.30+commit.3f3d6df2,BG1_CA
0xa7ca36f7273d4d38fc2aec5a454c497f86728a7a,live,PonziTokenV3,v0.4.18+commit.9cf6e910,BG1_CA
0xa7fa7588cd7ebf3d0e128f07da7406dd74e241df,live,TWQCrowdsale,v0.4.20-nightly.2018.1.6+commit.2548228b,BG1_CA
0xa90ddcb10e4f80cdb9bc25ee8e96cf30199e70ad,live,,,BG1_CA
0xa94823f6ad574cc0e905950355310ad0426f884e,live,,,BG1_CA
0xa94c2707e233e5d63f46011a4a158cd2452d1d86,live,RestartEnergyCrowdsale,v0.4.19+commit.c4cbbb05,BG1_CA
0xa9fa83d31ff1cfd14b7f9d17f02e48dcfd9cb0cb,live,ProtectTheCastle,v0.4.9+commit.364da425,BG1_CA
0xaa1a6e3e6ef20068f7f8d8c835d2d22fd5116444,live,ReplaySafeSplit,v0.3.5-2016-07-19-427deb4,BG1_CA
0xaa7427d8f17d87a28f5e1ba3adbb270badbe1011,live,WrapperLockEth,v0.4.24+commit.e67f0147,BG1_CA
0xaae10c1223df062e2df6982a80621977fa8b2d34,live,Dice,v0.3.5-2016-07-01-48238c9,BG1_CA
0xab51a20d744574f33e7f28a7b66b748dd5f7ce04,live,EthDickMeasuringGame,v0.4.19+commit.c4cbbb05,BG1_CA
0xab83d96de35bad6f234178fbb6507203488e9626,live,,,BG1_CA
0xac43300f2d0c345b716f36853eceb497576e0f67,live,LevelWhitelistedIICO,v0.4.23+commit.124ca40d,BG1_CA
0xac94e023ac15507d74c3016cda7479a198703d61,live,,,BG1_CA
0xace62f87abe9f4ee9fd6e115d91548df24ca0943,live,,,BG1_CA
0xadb090336899b1f0306a1b1d392884aa87201aba,live,UniswapV2Router01,v0.6.6+commit.6c089d02,BG1_CA
0xaec1f783b29aab2727d7c374aa55483fe299fefa,live,GameChannel,v0.5.0+commit.1d4f565a,BG1_CA
0xaf30d2a7e90d7dc361c8c4585e9bb7d2f6f15bc7,live,FirstBloodToken,v0.3.6-nightly.2016.8.15+commit.868a167,BG1_CA
0xaf32279149101fa3f6e3d1768f051593049dcd9f,live,LastIsMe,v0.3.2-2016-05-01-bee80f1,BG1_CA
0xaf522608bf9355345bb1fed33219ee4623b9b81f,live,Contest,v0.4.8+commit.60cc1668,BG1_CA
0xb11a0547f14d6a45fc4ec9a05ae6b12ae7ac777a,live,Contract,v0.4.24+commit.e67f0147,BG1_CA
0xb1690c08e213a35ed9bab7b318de14420fb57d8c,live,SaleClockAuction,v0.4.18+commit.9cf6e910,BG1_CA
0xb27539d74b1fc04f3766c2d285c96ac3cd096cd1,live,eosDASH,v0.4.25-nightly.2018.6.14+commit.baeabe1c,BG1_CA
0xb29067408d996460f96252f6e68ca57d784e4fb4,live,Hourglass,v0.4.21+commit.dfe3193c,BG1_CA
0xb3640c4e8b8317cbe65aa4f20c7851996e6b406c,live,NTech3DLong,v0.4.24+commit.e67f0147,BG1_CA
0xb3dc5cb6b232c7ae63ef4f2d9076a4452a8c58b8,live,,,BG1_CA
0xb56d622ddf60ec532b5f43b4ff9b0e7b1ff92db3,live,Fundraiser,v0.4.11+commit.68ef5810,BG1_CA
0xb66d7272aadcf034ce8776cf115583baf916c50a,live,,,BG1_CA
0xb6c0ddc7df76e37e1292a79f77cebf2ed65f5cb8,live,Contest,v0.4.7+commit.822622cf,BG1_CA
0xb70d8f364c46047d886f0f24adaa9868b4b3837b,live,,,BG1_CA
0xb86740180c9f5578740ce9623c937f9fb60a3944,live,,,BG1_CA
0xb8901acb165ed027e32754e0ffe830802919727f,live,,L1_ETH_Bridge,BG1_CA
0xb8c77482e45f1f44de1745f52c74426c631bdd52,live,BNB,v0.4.12+commit.194ff033,BG1_CA
0xbab3c295f7889a3068d4bea9985b838375ca31ec,live,,,BG1_CA
0xbb5ed1edeb5149af3ab43ea9c7a6963b3c1374f7,live,CelebrityToken,v0.4.18+commit.9cf6e910,BG1_CA
0xbb91f46a756af34bb987cc9bb5501de726f0d0ad,live,Lottery,v0.4.24+commit.e67f0147,BG1_CA
0xbb9bc244d798123fde783fcc1c72d3bb8c189413,live,DAO,v0.3.1-2016-04-12-3ad5e82,BG1_CA
0xbbd265bafb9b1ee8b6581bcf6435bbc2b8a210f8,live,,,BG1_CA
0xbcf935d206ca32929e1b887a07ed240f0d8ccd22,live,MillionMoney,v0.5.11+commit.c082d0b4,BG1_CA
0xbde85214550fcb48c77537508e712fa1a38d9d64,live,,,BG1_CA
0xbe2530028229198d2c383f2d3fb9f40ebf24deed,live,DAVCrowdsale,v0.4.23+commit.124ca40d,BG1_CA
0xbf8fb919a8bbf28e590852aef2d284494ebc0657,live,AbccCoinToken,v0.4.25-nightly.2018.6.8+commit.81c5a6e4,BG1_CA
0xc02aaa39b223fe8d0a0e5c4f27ead9083c756cc2,live,0xb95343413e459a0f97461812111254163ae53467855c0d73e0f1e7c5b8442fa3,,BG1_CA
0xc19f1ea24599d6434e7dd64a96f2faac20efb936,live,,,BG1_CA
0xc2d7e033fe735dc8ef78e576288366e9c3dcc4e1,live,,,BG1_CA
0xc30141b657f4216252dc59af2e7cdb9d8792e1b0,live,Registry,v0.8.4+commit.c7e474f2,BG1_CA
0xc36442b4a4522e871399cd717abdd847ab11fe88,live,NonfungiblePositionManager,v0.7.6+commit.7338295f,BG1_CA
0xc3c94e2d9a33ab18d5578bd63dfdaa3e0ea74a49,live,PyramidGame,v0.4.17+commit.bdeb9e52,BG1_CA
0xc446b5b0a696b6735bf95888a896253a1a5d25f5,live,TwoXJackpot,v0.4.21+commit.dfe3193c,BG1_CA
0xc4529ea3f838a7e27a673a87bfe844a5b8b1e4e2,live,InterestTest,v0.4.17+commit.bdeb9e52,BG1_CA
0xc5559887f94ea5c406b3f6d582dc738c4cf0eace,live,ETHLottery,v0.4.15+commit.bbb8e64f,BG1_CA
0xc5903fe72a9530e4382187f729ccc050d7e89fae,live,Tablow,v0.4.10+commit.f0d539ae,BG1_CA
0xc5c49c5f57d9f1635dde956c6858146717879600,Self Destruct,Pray4Prey,v0.4.8+commit.60cc1668,BG1_CA
0xc76ce8774d77ee334f5af296913ec45108ab0568,live,TokenTrader,v0.4.0+commit.acd334c9,BG1_CA
0xc7f3dba1970bfe60feecb6e5e4a44103b57b1407,live,Divergence,v0.8.9+commit.e5eed63a,BG1_CA
0xc825aa83f12e4d225ea1f21511a68e7aa78a002f,live,PowhCoin3,v0.4.18+commit.9cf6e910,BG1_CA
0xcaf1550ac3f8751b948c8624177a2b2c7aae515f,live,,,BG1_CA
0xcb3ae1fcb86d208d688da935a463aecff8eaeb41,live,LastIsMe,v0.3.1-2016-04-12-3ad5e82,BG1_CA
0xcb4dd1b38b0c9bcd6877d13a438de99f4f7430f7,live,,,BG1_CA
0xcba8906c38b4cd505948690c2074c2a855731a3b,live,,,BG1_CA
0xcc221ee1c1315728f0ddda3e5ddf0a77355c69d8,live,UserWallet,v0.4.11+commit.68ef5810,BG1_CA
0xcc77bfc17ec7ce8a91b16e6e79695f9bb4fbf708,live,SPCoin,v0.4.20+commit.3155dd80,BG1_CA
0xcc97ebb7c5a7d97db32fb23a23fe516575c5e10a,live,NeuroDAO,v0.4.13+commit.fb4cb1a,BG1_CA
0xccbc235ef019ef4d1e23e9e22fb194d7857aa44c,live,NFT,v0.8.7+commit.e28d00a7,BG1_CA
0xcf7cba701ded5c4d8e588e64f70b6ba1c17ea277,live,Dice,v0.3.1-2016-03-31-c492d9b,BG1_CA
0xd12d8f8dfa54f1578b2177f99b2e282367b66b13,live,doubleyour5,v0.3.1-2016-04-05-12797ed,BG1_CA
0xd1a3b231e2b10ea2128967b094af71ddf7958c94,live,,,BG1_CA
0xd1ceeeeee83f8bcf3bedad437202b6154e9f5405,Self Destruct,Dice2Win,v0.4.24+commit.e67f0147,BG1_CA
0xd2adaf0260581824b2b93f6a51862e33852f1d31,live,FairPonzi,v0.4.19+commit.c4cbbb05,BG1_CA
0xd35be56e4ed6818d09e6f95b9c744c4607fda453,live,ProofOfBitConnect,v0.4.23+commit.124ca40d,BG1_CA
0xd42433a8a0a1ceb73c8ff4e432463e2ee109039d,live,DRPCrowdsale,v0.4.8+commit.60cc1668,BG1_CA
0xd43d09ec1bc5e57c8f3d0c64020d403b04c7f783,live,MainSale,v0.4.11+commit.68ef5810,BG1_CA
0xd48e165b0027e8055b3b7016a35078b23527a95d,live,KickicoCrowdsale,v0.4.16+commit.d7661dd9,BG1_CA
0xd4d871419714b778ebec2e22c7c53572b573706e,live,StonerCats,v0.7.6+commit.7338295f,BG1_CA
0xd569d3cce55b71a8a3f3c418c329a66e5f714431,live,,TerminalV1,BG1_CA
0xd77881639cdaa67087161e8b918daca88eda5913,live,UserWallet,v0.4.11+commit.68ef5810,BG1_CA
0xd7edd06f6300c04ac453e33dd726096be2d49efa,live,,,BG1_CA
0xd8afdb3dec02b6e2e127e138232a5ed281297e2c,live,,,BG1_CA
0xd90e2f925da726b50c4ed8d0fb90ad053324f31b,live,TornadoRouter,v0.6.12+commit.27d51765,BG1_CA
0xd9d4a84daea75acae7a682ce66f599fb5402bb94,live,FranklinFarmer,v0.4.24+commit.e67f0147,BG1_CA
0xd9e1ce17f2641f24ae83637ab66a2cca9c378b9f,live,UniswapV2Router02,v0.6.12+commit.27d51765,BG1_CA
0xdbb0de04eb832b601c04f666f728db0b96e86135,live,,,BG1_CA
0xdbd6c507500c4fc410e5c3c0c7259b9f18327129,live,NiceContract,v0.4.19+commit.c4cbbb05,BG1_CA
0xdc078ff399d0001c31454e83896e8881d164fb95,live,ShrimpFarmer,v0.4.18+commit.9cf6e910,BG1_CA
0xdc24316b9ae028f1497c275eb9192a3ea0f67022,live,,Vyper_contract,BG1_CA
0xdc6c91b569c98f9f6f74d90f9beff99fdaf4248b,live,TokenlonExchange,v0.5.7+commit.6da8b019,BG1_CA
0xdc87b2948b51fefa9ff1bf7aa2e56852fee94ffe,live,Slot,v0.4.19+commit.c4cbbb05,BG1_CA
0xdd9b54d1dd185f9302e24dd3ae9e652453f74705,live,FeeRegistrar,v0.4.17+commit.bdeb9e52,BG1_CA
0xdd9fd6b6f8f7ea932997992bbe67eabb3e316f3c,live,Decompile ByteCode ,,BG1_CA
0xde289c1aa8ddcf0c9babd26cff000954f69e13ec,live,,,BG1_CA
0xde4723efc1ca369cc5cbdd1db3473e24282d7cd8,live,,,BG1_CA
0xde950ad648c6f31485d1cfa69b6e8e4707e6b57e,live,GnosisSafeProxy,v0.7.6+commit.7338295f,BG1_CA
0xdec3ae1e8ed1f7c06273b99cf010b4c8c2f2b100,live,,,BG1_CA
0xdef1c0ded9bec7f1a1670819833240f027b25eff,live,ZeroEx,v0.6.8+commit.0bbfe453,BG1_CA
0xdf100fa9a871669f1c99649fe7852ff45228a83b,live,Star3Dlong,v0.4.24+commit.e67f0147,BG1_CA
0xdf748e0b0ae2dcbc23ae035d74fc39fb0d065b98,live,Contest,v0.4.8+commit.60cc1668,BG1_CA
0xdfbfd64726b1b178ef8204ae4992f641f31c8248,live,EloPlayToken,v0.4.15+commit.bbb8e64f,BG1_CA
0xdfc328c19c8de45ac0117f836646378c10e0cda3,live,SmartRoulette,v0.4.8+commit.60cc1668,BG1_CA
0xe0a66e8e4cb222fe33a3371d46a229bad8dce236,live,Fairbet,v0.4.24+commit.e67f0147,BG1_CA
0xe23975b19a40353cd7046e334470552e7904a3d4,live,Contest,v0.4.8+commit.60cc1668,BG1_CA
0xe30a76ec9168639f09061e602924ae601d341066,live,NewIntelTechMedia,v0.4.24+commit.e67f0147,BG1_CA
0xe3c9e5b3f9cbd7a2beb01747172a87fae07e2e4a,live,,,BG1_CA
0xe3dc9abca6360a01e09a9f4194c4fe767d3e6186,live,,,BG1_CA
0xe4ceb5a09d7c38d91587716c6f3e27e3f83f13bd,live,Presale,v0.4.11+commit.68ef5810,BG1_CA
0xe501aceae5a49228c170cd26fc6b678599c7f217,live,TheBigBangOnline,v0.4.25+commit.59dbf8f1,BG1_CA
0xe592427a0aece92de3edee1f18e0157c05861564,live,SwapRouter,v0.7.6+commit.7338295f,BG1_CA
0xe7020691d9af3cac62b46dccecaff3f8a6c0e03a,live,,,BG1_CA
0xe8ae4367415ccaef40bd8c96331561aac7b8080d,live,HivePreSale,v0.4.20+commit.3155dd80,BG1_CA
0xe92065d8bb2392121a8fbe6a81e79782fbc89dd4,live,IntimateShoppe,v0.4.21+commit.dfe3193c,BG1_CA
0xe9428d4a341ac20e9f2e6b95b12c9ad52733fcd9,live,,,BG1_CA
0xe94327d07fc17907b4db788e5adf2ed424addff6,live,RepToken,v0.4.11+commit.68ef5810,BG1_CA
0xe98864eda3dc3683fc944f26b41986837dede011,Self Destruct,,,BG1_CA
0xe9cf7887b93150d4f2da7dfc6d502b216438f244,live,,,BG1_CA
0xeb06ae75e64f08a7618f0d5a8ad80f164a32060f,live,,,BG1_CA
0xec1badadbb8d51d4e99a5afdc292069438aef419,live,,,BG1_CA
0xee9147dd0307e4a663d0f756549d47d6f8bd356b,live,Dice,v0.3.5-2016-07-01-48238c9,BG1_CA
0xef650b86c56519826664e20198ee8211616619da,live,Crowdsale,v0.4.18+commit.9cf6e910,BG1_CA
0xf06ab3e6a33f805cf7cb448db82c8cd9c109a862,live,POCG,v0.4.23+commit.124ca40d,BG1_CA
0xf317a365cfef0aa4357abd057048808a1d430402,live,Plague,v0.4.24+commit.e67f0147,BG1_CA
0xf39aec568494668a1b864b64de28ef4e660357ed,live,FourLetterWords,v0.8.6+commit.11564f7e,BG1_CA
0xf4985070ce32b6b1994329df787d1acc9a2dd9e2,live,AxieClockAuction,v0.4.19+commit.c4cbbb05,BG1_CA
0xf4f41d98a8d7a079d1508833d2177fa405380d95,live,Etherman,v0.4.23+commit.124ca40d,BG1_CA
0xf51d7266f84aa3d1609e63e4480168174f74d1a2,live,,,BG1_CA
0xf56a188f3f8d02685ab14f8a89be47df5e87af32,live,Dice,v0.4.19+commit.c4cbbb05,BG1_CA
0xf5e39300ab38d19b777d507a2a52f86e0c0c51b0,live,,,BG1_CA
0xf7c83bd0c50e7a72b55a39fe0dabf5e3a330d749,Self Destruct,ShortNameClaims,v0.5.10+commit.5a6ea5b1,BG1_CA
0xf7ed56c1ac4d038e367a987258b86fc883b960a1,Self Destruct,EDCoreVersion1,v0.4.19+commit.c4cbbb05,BG1_CA
0xf81c64c864d87ec0e6d0455b59a7b4aa87bcdc81,live,,,BG1_CA
0xf9a489e82cf4a090fd1fc766eb21edec249d7e71,live,,,BG1_CA
0xfa05a73ffe78ef8f1a739473e462c54bae6567d9,live,LunyrToken,v0.4.8+commit.60cc1668,BG1_CA
0xfbb4d61af2b81c232d8dd300570a89ef935d6d2e,live,,,BG1_CA
0xfc971429218b7d11ed63093971712ed504e9ce87,live,,,BG1_CA
0xfcd3a0f5f416e407647a7518b90354946d316059,live,BitConnect,v0.4.20+commit.3155dd80,BG1_CA
0xfcdd6d4f2cfb7cea900c4a57282cffcf3e41e068,live,Interestv3,v0.4.17+commit.bdeb9e52,BG1_CA
0xfd2dfa00ba5941958eaec567e59b42c2aa9dbf70,live,Ethereum_twelve_bagger,v0.2.1-2016-01-30-91a6b35,BG1_CA
0xfe441b0b26178fa030547bf8e98f855a5dd3ac82,live,,,BG1_CA
0xfe794fb10423b072ebe89acca652250b8105adfc,live,Betting,v0.4.21+commit.dfe3193c,BG1_CA
0xff1f2b4adb9df6fc8eafecdcbf96a2b351680455,live,,TransparentUpgradeableProxy,BG1_CA
0xff9981d2c6c6d612e03e4a32f5488e552eeae285,live,Empire,v0.8.4+commit.c7e474f2,BG1_CA
